id,role_0,role_1,role_2,role_3,role_4,role_5,role_6,role_7,role_8,role_9,role_10,role_11,role_12,role_13,role_14,role_15,role_16,role_17,role_18,role_19,role_20,role_21,role_22,role_23,role_24,role_25,role_26,role_27,role_28,role_29,role_30,role_31,role_32,role_33,role_34,role_35,role_36,role_37,role_38,role_39,role_40,role_41,role_42,role_43,role_44,role_45,role_46,role_47,role_48,role_49,role_50,role_51,role_52,role_53,role_54,role_55,role_56,role_57,role_58,role_59,role_60,role_61,role_62,role_63,role_64,role_65,role_66
0,4,6,4,2,1,1,10,14,2,4,2,0,0,1,0,0,0,7,3,5,20,30,0,0,0,4,0,4,0,12,6,0,0,0,0,1,0,1,1,0,0,2,0,0,2,0,0,0,0,0,0,0,0,0,0,0,0,0,0,0,0,0,0,0,0,0,0
1,3,7,3,0,5,1,14,14,0,0,0,0,0,0,0,1,0,23,10,7,25,44,0,0,0,0,0,0,3,0,0,1,0,0,0,0,0,0,0,0,0,0,0,0,0,0,0,0,0,0,0,0,0,0,0,0,0,0,0,0,0,0,0,0,0,0,0
2,2,4,1,0,1,0,8,4,1,0,0,0,0,0,0,0,0,7,1,0,12,6,0,0,0,2,0,0,1,1,0,0,0,0,2,0,0,0,0,1,0,0,0,0,0,0,0,0,0,0,0,0,0,0,0,0,0,0,0,0,0,0,0,0,0,0,0
3,1,1,0,0,0,0,2,0,0,0,0,0,0,0,0,0,0,1,0,0,2,0,0,0,0,0,0,0,0,0,0,0,0,0,0,0,0,0,0,0,0,0,0,0,0,0,0,0,0,0,0,0,0,0,0,0,0,0,0,0,0,0,0,0,0,0,0
4,2,2,1,0,1,0,2,2,0,0,0,0,0,0,0,0,0,3,1,0,3,2,0,0,0,0,0,0,0,0,0,0,0,0,0,0,0,0,0,0,0,0,0,0,0,0,0,0,0,0,0,0,0,0,0,0,0,0,0,0,0,0,0,0,0,0,0
5,1,2,0,0,1,0,4,0,0,0,0,0,0,0,0,0,0,6,0,0,4,0,0,0,0,0,0,0,0,0,0,0,0,0,0,0,0,0,0,0,0,0,0,0,0,0,0,0,0,0,0,0,0,0,0,0,0,0,0,0,0,0,0,0,0,0,0
6,3,3,3,0,1,1,4,6,0,0,0,0,0,0,0,0,0,4,2,3,6,10,0,0,0,0,0,0,0,0,0,0,0,0,0,0,0,0,0,0,0,0,0,0,0,0,0,0,0,0,0,0,0,0,0,0,0,0,0,0,0,0,0,0,0,0,0
7,3,4,3,0,2,1,3,8,0,0,0,0,0,0,0,0,0,4,4,4,4,10,0,0,0,0,0,0,0,0,0,0,0,0,0,0,0,0,0,0,0,0,0,0,0,0,0,0,0,0,0,0,0,0,0,0,0,0,0,0,0,0,0,0,0,0,0
8,3,4,3,0,2,1,4,8,0,0,0,0,0,0,0,0,0,5,4,4,3,12,0,0,0,0,0,0,1,0,0,0,0,0,0,0,0,0,0,0,0,0,0,0,0,0,0,0,0,0,0,0,0,0,0,0,0,0,0,0,0,0,0,0,0,0,0
9,1,2,0,0,1,0,3,0,0,0,0,0,0,0,0,0,0,4,0,0,4,0,0,0,0,0,0,0,0,0,0,0,0,0,0,0,0,0,0,0,0,0,0,0,0,0,0,0,0,0,0,0,0,0,0,0,0,0,0,0,0,0,0,0,0,0,0
10,2,3,1,0,1,0,2,3,0,0,0,0,0,0,0,0,0,3,1,0,2,4,0,0,0,0,0,0,0,0,0,0,0,0,0,0,0,0,0,0,0,0,0,0,0,0,0,0,0,0,0,0,0,0,0,0,0,0,0,0,0,0,0,0,0,0,0
11,1,2,0,0,1,0,4,0,0,0,0,0,0,0,0,0,0,6,0,0,3,0,0,0,0,0,0,0,0,0,0,0,0,0,0,0,0,0,0,0,0,0,0,0,0,0,0,0,0,0,0,0,0,0,0,0,0,0,0,0,0,0,0,0,0,0,0
12,2,1,1,0,0,0,2,1,0,0,0,0,0,0,0,0,0,1,0,0,2,2,0,0,0,0,0,0,0,0,0,0,0,0,0,0,0,0,0,0,0,0,0,0,0,0,0,0,0,0,0,0,0,0,0,0,0,0,0,0,0,0,0,0,0,0,0
13,1,1,0,0,0,0,1,0,0,0,0,0,0,0,0,0,0,0,0,0,2,0,0,0,0,0,0,0,0,0,0,0,0,0,0,0,0,0,0,0,0,0,0,0,0,0,0,0,0,0,0,0,0,0,0,0,0,0,0,0,0,0,0,0,0,0,0
14,1,2,0,0,1,0,4,0,0,0,0,0,0,0,0,0,0,5,0,0,4,0,0,0,0,0,0,0,1,0,0,0,0,0,0,0,0,0,0,0,0,0,0,0,0,0,0,0,0,0,0,0,0,0,0,0,0,0,0,0,0,0,0,0,0,0,0
15,3,4,3,0,1,1,4,8,1,0,0,0,0,0,0,0,0,3,2,4,6,12,0,0,0,2,0,0,0,2,0,0,0,0,0,0,0,0,0,0,0,0,0,0,0,0,0,0,0,0,0,0,0,0,0,0,0,0,0,0,0,0,0,0,0,0,0
16,1,2,0,0,1,0,3,0,0,0,0,0,0,0,0,0,0,4,0,0,3,0,0,0,0,0,0,0,0,0,0,0,0,0,0,0,0,0,0,0,0,0,0,0,0,0,0,0,0,0,0,0,0,0,0,0,0,0,0,0,0,0,0,0,0,0,0
17,3,3,3,0,1,1,3,6,0,0,0,0,0,0,0,0,0,4,2,3,4,8,0,0,0,0,0,0,0,0,0,0,0,0,0,0,0,0,0,0,0,0,0,0,0,0,0,0,0,0,0,0,0,0,0,0,0,0,0,0,0,0,0,0,0,0,0
18,3,5,3,0,2,1,5,10,0,0,0,0,0,0,0,0,0,5,4,5,4,18,0,0,0,0,0,0,0,0,0,0,0,0,0,0,0,0,0,0,0,0,0,0,0,0,0,0,0,0,0,0,0,0,0,0,0,0,0,0,0,0,0,0,0,0,0
19,3,4,3,0,2,1,5,8,0,0,0,0,0,0,0,0,0,7,4,4,4,14,0,0,0,0,0,0,0,0,0,0,0,0,0,0,0,0,0,0,0,0,0,0,0,0,0,0,0,0,0,0,0,0,0,0,0,0,0,0,0,0,0,0,0,0,0
20,3,4,3,0,2,1,3,8,0,0,0,0,0,0,0,0,0,4,4,4,4,10,0,0,0,0,0,0,0,0,0,0,0,0,0,0,0,0,0,0,0,0,0,0,0,0,0,0,0,0,0,0,0,0,0,0,0,0,0,0,0,0,0,0,0,0,0
21,1,2,0,0,1,0,4,0,0,0,0,0,0,0,0,0,0,6,0,0,3,0,0,0,0,0,0,0,0,0,0,0,0,0,0,0,0,0,0,0,0,0,0,0,0,0,0,0,0,0,0,0,0,0,0,0,0,0,0,0,0,0,0,0,0,0,0
22,2,4,1,0,2,0,6,4,0,0,0,0,0,0,0,0,0,9,2,0,5,10,0,0,0,0,0,0,0,0,0,0,0,0,0,0,0,0,0,0,0,0,0,0,0,0,0,0,0,0,0,0,0,0,0,0,0,0,0,0,0,0,0,0,0,0,0
23,3,3,3,0,1,1,3,6,0,0,0,0,0,0,0,0,0,3,2,3,2,8,0,0,0,0,0,0,0,0,0,0,0,0,0,0,0,0,0,0,0,0,0,0,0,0,0,0,0,0,0,0,0,0,0,0,0,0,0,0,0,0,0,0,0,0,0
24,1,2,0,0,1,0,3,0,0,0,0,0,0,0,0,0,0,4,0,0,3,0,0,0,0,0,0,0,0,0,0,0,0,0,0,0,0,0,0,0,0,0,0,0,0,0,0,0,0,0,0,0,0,0,0,0,0,0,0,0,0,0,0,0,0,0,0
25,1,2,0,0,1,0,4,0,0,0,0,0,0,0,0,0,0,6,0,0,5,0,0,0,0,0,0,0,0,0,0,0,0,0,0,0,0,0,0,0,0,0,0,0,0,0,0,0,0,0,0,0,0,0,0,0,0,0,0,0,0,0,0,0,0,0,0
26,3,6,3,0,1,1,6,10,2,0,0,1,0,0,0,0,0,4,1,4,11,20,0,0,0,3,0,0,0,3,0,0,1,1,0,0,0,0,0,0,0,0,0,0,1,0,0,0,0,0,0,0,0,0,0,0,0,0,0,0,0,0,0,0,0,0,0
27,4,5,4,2,1,1,11,11,0,4,2,0,0,1,0,0,0,11,3,4,17,28,0,0,0,0,2,4,2,9,4,0,0,0,1,0,0,1,1,0,0,2,0,0,0,0,0,0,0,0,0,0,0,0,0,0,0,0,0,0,0,0,0,0,0,0,0
28,3,8,3,0,5,1,14,16,2,0,0,0,0,0,0,1,0,18,10,8,18,49,0,0,0,4,0,0,3,4,0,3,0,0,0,1,0,0,0,0,0,0,0,0,0,0,0,0,0,0,0,0,0,0,0,0,0,0,0,0,0,0,0,0,0,0,0
29,1,2,0,0,1,0,3,0,0,0,0,0,0,0,0,0,0,4,0,0,4,0,0,0,0,0,0,0,0,0,0,0,0,0,0,0,0,0,0,0,0,0,0,0,0,0,0,0,0,0,0,0,0,0,0,0,0,0,0,0,0,0,0,0,0,0,0
30,3,4,2,1,0,0,6,6,1,2,1,0,0,0,0,0,0,1,0,0,10,12,0,0,0,2,1,2,1,6,2,0,0,0,0,0,0,0,0,0,0,0,0,0,0,0,0,0,0,0,0,0,0,0,0,0,0,0,0,0,0,0,0,0,0,0,0
31,3,4,2,1,0,0,6,6,1,2,1,0,0,0,0,0,0,1,0,0,8,9,0,0,0,2,1,2,1,6,2,0,0,0,1,0,0,0,0,0,0,0,0,0,0,0,0,0,0,0,0,0,0,0,0,0,0,0,0,0,0,0,0,0,0,0,0
32,3,4,2,1,0,0,6,6,1,2,1,0,0,0,0,0,0,2,0,0,8,9,0,0,0,2,0,2,0,4,2,0,0,0,1,0,0,0,0,0,0,0,0,0,1,0,0,0,0,0,0,0,0,0,0,0,0,0,0,0,0,0,0,0,0,0,0
33,3,4,2,1,1,0,6,4,0,2,1,1,0,0,0,0,0,3,1,0,6,6,0,0,0,0,1,1,2,3,1,0,2,0,1,0,0,0,0,0,0,0,0,0,0,1,0,0,0,0,0,0,0,0,0,0,0,0,0,0,0,0,0,0,0,0,0
34,3,4,2,1,1,0,8,6,0,2,1,0,0,0,0,0,0,3,2,0,6,13,0,0,0,0,1,2,3,4,2,1,0,0,1,0,0,0,0,0,0,0,0,0,0,0,0,0,0,0,0,0,0,0,0,0,0,0,0,0,0,0,0,0,0,0,0
35,3,6,3,0,1,1,6,10,2,0,0,1,0,0,0,0,0,3,1,4,7,17,0,0,0,3,0,0,1,3,0,0,1,1,1,0,0,0,0,0,0,0,0,0,1,0,0,0,0,0,0,0,0,0,0,0,0,0,0,0,0,0,0,0,0,0,0
36,3,6,3,0,2,1,10,10,1,0,0,1,0,0,0,0,0,13,3,4,15,28,0,0,0,1,0,0,3,1,0,0,1,1,0,0,0,0,0,0,0,0,0,0,1,0,0,0,0,0,0,0,0,0,0,0,0,0,0,0,0,0,0,0,0,0,0
37,3,4,2,1,0,0,6,6,1,2,1,0,0,0,0,0,0,2,0,0,12,12,0,0,0,2,1,2,0,6,2,0,0,0,0,0,0,0,0,0,0,0,0,0,0,0,0,0,0,0,0,0,0,0,0,0,0,0,0,0,0,0,0,0,0,0,0
38,3,4,2,1,1,0,6,4,0,2,1,1,0,0,0,0,0,3,1,0,8,9,0,0,0,0,1,1,2,3,1,0,2,0,0,0,0,0,0,0,0,0,0,0,0,1,0,0,0,0,0,0,0,0,0,0,0,0,0,0,0,0,0,0,0,0,0
39,3,4,2,1,1,0,8,6,0,2,1,0,0,0,0,0,0,4,2,0,10,16,0,0,0,0,1,2,2,4,2,1,0,0,0,0,0,0,0,0,0,0,0,0,0,0,0,0,0,0,0,0,0,0,0,0,0,0,0,0,0,0,0,0,0,0,0
40,3,6,3,0,1,1,6,10,2,0,0,1,0,0,0,0,0,3,1,4,9,20,0,0,0,3,0,0,1,3,0,0,1,1,0,0,0,0,0,0,0,0,0,0,1,0,0,0,0,0,0,0,0,0,0,0,0,0,0,0,0,0,0,0,0,0,0
41,3,4,2,1,1,0,8,6,0,2,1,0,0,0,0,0,0,4,2,0,10,16,0,0,0,0,1,2,2,4,2,1,0,0,0,0,0,0,0,0,0,0,0,0,0,0,0,0,0,0,0,0,0,0,0,0,0,0,0,0,0,0,0,0,0,0,0
42,3,6,3,0,1,1,6,10,2,0,0,1,0,0,0,0,0,4,1,4,13,20,0,0,0,3,0,0,0,3,0,0,1,1,0,0,0,0,0,0,0,0,0,0,1,0,0,0,0,0,0,0,0,0,0,0,0,0,0,0,0,0,0,0,0,0,0
43,1,2,0,0,1,0,1,0,0,0,0,0,0,0,0,0,0,1,0,0,2,0,0,0,0,0,0,0,0,0,0,0,0,0,0,0,0,0,0,0,0,0,0,0,0,0,0,0,0,0,0,0,0,0,0,0,0,0,0,0,0,0,0,0,0,0,0
44,1,2,0,0,1,0,1,0,0,0,0,0,0,0,0,0,0,1,0,0,2,0,0,0,0,0,0,0,0,0,0,0,0,0,0,0,0,0,0,0,0,0,0,0,0,0,0,0,0,0,0,0,0,0,0,0,0,0,0,0,0,0,0,0,0,0,0
45,3,3,3,0,1,1,4,6,0,0,0,0,0,0,0,0,0,3,2,3,2,10,0,0,0,0,0,0,1,0,0,0,0,0,0,0,0,0,0,0,0,0,0,0,0,0,0,0,0,0,0,0,0,0,0,0,0,0,0,0,0,0,0,0,0,0,0
46,3,4,3,0,1,1,3,8,1,0,0,0,0,0,0,0,0,1,2,4,6,10,0,0,0,2,0,0,0,2,0,0,0,0,0,0,0,0,0,0,0,0,0,0,0,0,0,0,0,0,0,0,0,0,0,0,0,0,0,0,0,0,0,0,0,0,0
47,3,1,3,0,0,1,2,2,0,0,0,0,0,0,0,0,0,1,0,1,2,4,0,0,0,0,0,0,0,0,0,0,0,0,0,0,0,0,0,0,0,0,0,0,0,0,0,0,0,0,0,0,0,0,0,0,0,0,0,0,0,0,0,0,0,0,0
48,2,4,1,0,2,0,2,4,0,0,0,0,0,0,0,0,0,3,2,0,2,6,0,0,0,0,0,0,0,0,0,0,0,0,0,0,0,0,0,0,0,0,0,0,0,0,0,0,0,0,0,0,0,0,0,0,0,0,0,0,0,0,0,0,0,0,0
49,3,4,2,1,1,0,6,4,0,2,1,1,0,0,0,0,0,4,1,0,8,9,0,0,0,0,1,1,1,3,1,0,2,0,0,0,0,0,0,0,0,0,0,0,0,1,0,0,0,0,0,0,0,0,0,0,0,0,0,0,0,0,0,0,0,0,0
50,3,4,2,1,1,0,6,6,0,2,1,0,0,0,0,0,0,5,2,0,7,12,0,0,0,0,0,2,0,2,2,0,0,0,0,0,0,0,0,0,0,0,0,0,1,0,0,0,0,0,0,0,0,0,0,0,0,0,0,0,0,0,0,0,0,0,0
51,1,2,0,0,1,0,4,0,0,0,0,0,0,0,0,0,0,5,0,0,3,0,0,0,0,0,0,0,1,0,0,0,0,0,0,0,0,0,0,0,0,0,0,0,0,0,0,0,0,0,0,0,0,0,0,0,0,0,0,0,0,0,0,0,0,0,0
52,3,9,3,0,8,1,18,18,1,0,0,0,0,0,0,2,0,39,16,9,32,63,1,0,0,3,0,0,0,2,0,2,0,0,0,0,0,0,0,0,0,0,0,0,0,0,0,0,0,0,0,0,0,0,0,0,0,0,0,0,0,0,0,0,0,0,0
53,3,6,3,0,3,1,15,12,0,0,0,0,0,0,0,0,0,25,6,6,26,36,0,0,0,0,0,0,0,0,0,1,0,0,2,0,0,0,0,0,0,0,0,0,0,0,0,0,0,0,0,0,0,0,0,0,0,0,0,0,0,0,0,0,0,0,0
54,3,5,2,1,2,0,10,7,0,3,1,0,0,0,0,0,0,10,3,0,18,17,0,1,0,0,2,3,1,6,2,1,0,0,1,0,0,0,0,0,0,0,0,0,0,0,0,0,0,0,0,0,0,0,0,0,0,0,0,0,0,0,0,0,0,0,0
55,3,6,3,0,2,1,11,10,1,0,0,1,0,0,0,0,0,13,2,4,22,29,0,0,0,3,0,0,0,2,0,1,3,1,0,0,0,0,0,0,0,0,0,0,0,0,0,0,0,0,0,0,0,0,0,0,0,0,0,0,0,0,0,0,0,0,0
56,3,7,3,0,4,1,14,14,1,0,0,0,0,0,0,1,0,25,8,7,29,44,0,0,0,2,0,0,0,2,0,2,0,0,0,0,0,0,0,0,0,0,0,0,0,0,0,0,0,0,0,0,0,0,0,0,0,0,0,0,0,0,0,0,0,0,0
57,4,7,6,0,5,4,10,21,0,0,0,0,0,0,0,1,1,21,15,21,23,46,0,0,0,0,0,0,0,0,0,0,0,0,0,0,0,0,0,0,0,0,0,0,0,0,0,0,0,0,0,0,0,0,0,0,0,0,0,0,0,0,0,0,0,0,0
58,4,9,6,0,6,4,19,27,0,0,0,0,0,0,0,1,1,30,18,27,31,87,0,0,0,0,0,0,3,0,0,2,0,0,0,0,0,0,0,0,0,0,0,0,0,0,0,0,0,0,0,0,0,0,0,0,0,0,0,0,0,0,0,0,0,0,0
59,2,4,1,0,2,0,9,4,0,0,0,0,0,0,0,0,0,11,2,0,10,13,0,0,0,0,0,0,1,0,0,2,0,0,0,0,0,0,0,0,0,0,0,0,0,0,0,0,0,0,0,0,0,0,0,0,0,0,0,0,0,0,0,0,0,0,0
60,3,4,3,0,1,1,4,6,0,0,0,1,0,0,0,0,0,3,1,2,6,11,0,0,0,0,0,0,1,0,0,0,1,1,0,0,0,0,0,0,0,0,0,0,0,0,0,0,0,0,0,0,0,0,0,0,0,0,0,0,0,0,0,0,0,0,0
61,4,8,6,0,4,4,19,22,0,0,0,1,0,0,0,0,1,32,10,20,36,70,0,0,0,0,0,0,1,0,0,1,3,2,2,0,0,0,0,0,0,0,0,0,0,0,0,0,0,0,0,0,0,0,0,0,0,0,0,0,0,0,0,0,0,0,0
62,3,8,3,0,6,1,14,16,1,0,0,0,0,0,0,1,0,31,12,8,28,49,1,0,0,2,0,0,1,2,0,0,0,0,0,0,0,0,0,0,0,0,0,0,0,0,0,0,0,0,0,0,0,0,0,0,0,0,0,0,0,0,0,0,0,0,0
63,3,7,3,0,5,1,10,10,0,0,0,2,0,0,0,1,0,15,5,3,22,25,0,0,0,0,0,0,1,0,0,1,7,2,0,0,0,0,0,0,0,0,0,0,0,0,0,0,0,0,0,0,0,0,0,0,0,0,0,0,0,0,0,0,0,0,0
64,3,7,3,0,5,1,13,12,0,0,0,1,0,0,0,1,0,23,8,5,26,37,0,0,0,0,0,0,2,0,0,1,3,1,0,0,0,0,0,0,0,0,0,0,0,0,0,0,0,0,0,0,0,0,0,0,0,0,0,0,0,0,0,0,0,0,0
65,4,8,6,0,4,4,15,20,0,0,0,2,0,0,0,0,1,20,8,16,26,59,0,0,0,0,0,0,1,0,0,2,6,4,0,0,0,0,0,0,0,0,0,0,0,0,0,0,0,0,0,0,0,0,0,0,0,0,0,0,0,0,0,0,0,0,0
66,4,9,6,0,5,4,18,27,1,0,0,0,0,0,0,0,1,26,15,27,30,81,1,0,0,2,0,0,1,3,0,2,0,0,1,0,0,0,0,0,0,0,0,0,0,0,0,0,0,0,0,0,0,0,0,0,0,0,0,0,0,0,0,0,0,0,0
67,2,1,0,1,0,0,2,0,0,1,0,0,0,0,0,0,0,1,0,0,3,0,0,0,0,0,0,0,0,2,0,0,0,0,0,0,0,0,0,0,0,0,0,0,0,0,0,0,0,0,0,0,0,0,0,0,0,0,0,0,0,0,0,0,0,0,0
68,1,2,0,0,1,0,2,0,0,0,0,0,0,0,0,0,0,3,0,0,5,0,0,0,0,0,0,0,0,0,0,0,0,0,0,0,0,0,0,0,0,0,0,0,0,0,0,0,0,0,0,0,0,0,0,0,0,0,0,0,0,0,0,0,0,0,0
69,3,6,3,0,6,1,10,12,0,0,0,0,0,0,0,2,0,23,12,6,14,29,0,0,0,0,0,0,0,0,0,1,0,0,0,0,0,0,0,0,0,0,0,0,0,0,0,0,0,0,0,0,0,0,0,0,0,0,0,0,0,0,0,0,0,0,0
70,1,2,0,0,1,0,6,0,0,0,0,0,0,0,0,0,0,12,0,0,10,0,0,0,0,0,0,0,0,0,0,0,0,0,0,0,0,0,0,0,0,0,0,0,0,0,0,0,0,0,0,0,0,0,0,0,0,0,0,0,0,0,0,0,0,0,0
71,3,2,3,0,1,1,5,4,0,0,0,0,0,0,0,0,0,9,2,2,7,10,0,0,0,0,0,0,0,0,0,0,0,0,0,0,0,0,0,0,0,0,0,0,0,0,0,0,0,0,0,0,0,0,0,0,0,0,0,0,0,0,0,0,0,0,0
72,4,6,6,0,3,4,7,18,0,0,0,0,0,0,0,0,1,12,9,18,9,33,0,0,0,0,0,0,0,0,0,0,0,0,0,0,0,0,0,0,0,0,0,0,0,0,0,0,0,0,0,0,0,0,0,0,0,0,0,0,0,0,0,0,0,0,0
73,3,7,3,0,5,1,7,14,0,0,0,0,0,0,0,1,0,14,10,7,6,30,0,0,0,0,0,0,0,0,0,0,0,0,0,0,0,0,0,0,0,0,0,0,0,0,0,0,0,0,0,0,0,0,0,0,0,0,0,0,0,0,0,0,0,0,0
74,3,5,3,0,2,1,8,10,0,0,0,0,0,0,0,0,0,12,4,5,8,24,0,0,0,0,0,0,0,0,0,0,0,0,0,0,0,0,0,0,0,0,0,0,0,0,0,0,0,0,0,0,0,0,0,0,0,0,0,0,0,0,0,0,0,0,0
75,2,3,1,0,1,0,6,3,0,0,0,0,0,0,0,0,0,7,1,0,9,8,0,0,0,0,0,0,0,0,0,0,0,0,0,0,0,0,0,0,0,0,0,0,0,0,0,0,0,0,0,0,0,0,0,0,0,0,0,0,0,0,0,0,0,0,0
76,2,3,1,0,1,0,4,3,0,0,0,0,0,0,0,0,0,4,1,0,6,6,0,0,0,0,0,0,0,0,0,0,0,0,0,0,0,0,0,0,0,0,0,0,0,0,0,0,0,0,0,0,0,0,0,0,0,0,0,0,0,0,0,0,0,0,0
77,3,3,3,0,1,1,3,6,0,0,0,0,0,0,0,0,0,3,2,3,6,8,0,0,0,0,0,0,0,0,0,0,0,0,0,0,0,0,0,0,0,0,0,0,0,0,0,0,0,0,0,0,0,0,0,0,0,0,0,0,0,0,0,0,0,0,0
78,3,5,3,0,1,1,10,10,1,0,0,0,0,0,0,0,0,10,2,5,13,22,0,0,0,2,0,0,1,2,0,0,0,0,2,0,0,0,0,1,0,0,0,0,0,0,0,0,0,0,0,0,0,0,0,0,0,0,0,0,0,0,0,0,0,0,0
79,3,5,3,0,4,1,9,10,0,0,0,0,0,0,0,1,0,20,8,5,16,24,0,0,0,0,0,0,0,0,0,0,0,0,0,0,0,0,0,0,0,0,0,0,0,0,0,0,0,0,0,0,0,0,0,0,0,0,0,0,0,0,0,0,0,0,0
80,1,3,0,0,3,0,7,0,0,0,0,0,0,0,0,1,0,19,0,0,10,0,0,0,0,0,0,0,0,0,0,0,0,0,0,0,0,0,0,0,0,0,0,0,0,0,0,0,0,0,0,0,0,0,0,0,0,0,0,0,0,0,0,0,0,0,0
81,3,6,2,1,3,0,12,8,0,4,1,0,0,0,0,0,0,16,4,0,22,24,0,2,0,0,4,4,2,8,2,0,0,0,0,0,0,0,0,0,0,0,0,0,0,0,0,0,0,0,0,0,0,0,0,0,0,0,0,0,0,0,0,0,0,0,0
82,4,6,5,1,2,2,11,14,0,2,2,1,0,0,0,0,0,12,4,6,19,28,0,0,1,0,1,4,0,4,4,0,4,2,2,0,0,0,0,0,0,0,0,0,0,0,0,0,0,0,0,0,0,0,0,0,0,0,0,0,0,0,0,0,0,0,0
83,4,6,4,2,1,1,10,14,2,4,2,0,0,1,0,0,0,7,3,5,20,31,0,0,0,4,1,4,0,13,6,0,0,0,0,1,0,1,1,0,0,2,0,0,1,0,0,0,0,0,0,0,0,0,0,0,0,0,0,0,0,0,0,0,0,0,0
84,4,10,6,0,8,4,20,26,0,0,0,2,0,0,0,2,1,41,17,22,39,76,0,0,0,0,0,0,2,0,0,0,10,4,2,0,0,0,0,0,0,0,0,0,0,0,0,0,0,0,0,0,0,0,0,0,0,0,0,0,0,0,0,0,0,0,0
85,4,7,5,1,4,2,17,19,0,2,2,0,0,0,0,1,0,31,12,12,35,56,0,0,1,0,1,4,0,5,5,0,0,0,2,0,0,0,0,0,0,0,0,0,0,0,0,0,0,0,0,0,0,0,0,0,0,0,0,0,0,0,0,0,0,0,0
86,1,2,0,0,1,0,5,0,0,0,0,0,0,0,0,0,0,9,0,0,9,0,0,0,0,0,0,0,0,0,0,0,0,0,0,0,0,0,0,0,0,0,0,0,0,0,0,0,0,0,0,0,0,0,0,0,0,0,0,0,0,0,0,0,0,0,0
87,4,8,6,0,3,4,14,24,1,0,0,0,0,0,0,0,1,16,9,24,26,66,0,0,0,2,0,0,1,3,0,0,0,0,0,0,0,0,0,1,0,0,0,0,0,0,0,0,0,0,0,0,0,0,0,0,0,0,0,0,0,0,0,0,0,0,0
88,3,4,2,1,1,0,8,6,0,2,1,0,0,0,0,0,0,8,2,0,16,16,0,0,0,0,0,2,0,2,2,0,0,0,0,0,0,0,0,0,0,0,0,0,1,0,0,0,0,0,0,0,0,0,0,0,0,0,0,0,0,0,0,0,0,0,0
89,3,6,3,0,3,1,13,12,0,0,0,0,0,0,0,0,0,18,6,6,21,32,0,0,0,0,0,0,3,0,0,0,0,0,2,0,0,0,0,0,0,0,0,0,0,0,0,0,0,0,0,0,0,0,0,0,0,0,0,0,0,0,0,0,0,0,0
90,2,3,1,0,1,0,6,3,0,0,0,0,0,0,0,0,0,4,1,0,7,8,0,0,0,0,0,0,1,0,0,1,0,0,0,0,0,0,0,0,0,0,0,0,0,0,0,0,0,0,0,0,0,0,0,0,0,0,0,0,0,0,0,0,0,0,0
91,3,6,3,0,1,1,11,12,2,0,0,0,0,0,0,0,0,9,2,6,21,31,0,0,0,7,0,0,0,4,0,0,0,0,1,0,0,0,0,0,0,0,0,0,0,0,0,0,0,0,0,0,0,0,0,0,0,0,0,0,0,0,0,0,0,0,0
92,3,6,3,0,3,1,11,8,0,0,0,2,0,0,0,0,0,15,2,2,21,22,0,0,0,0,0,0,0,0,0,1,7,2,0,0,0,0,0,0,0,0,0,0,0,0,0,0,0,0,0,0,0,0,0,0,0,0,0,0,0,0,0,0,0,0,0
93,3,7,3,0,5,1,10,10,0,0,0,2,0,0,0,1,0,13,4,3,23,24,0,0,0,0,0,0,0,0,0,2,8,2,0,0,0,0,0,0,0,0,0,0,0,0,0,0,0,0,0,0,0,0,0,0,0,0,0,0,0,0,0,0,0,0,0
94,3,8,3,0,7,1,15,14,0,0,0,1,0,0,0,2,0,32,11,6,31,42,0,0,0,0,0,0,1,0,0,1,4,1,1,0,0,0,0,0,0,0,0,0,0,0,0,0,0,0,0,0,0,0,0,0,0,0,0,0,0,0,0,0,0,0,0
95,3,9,3,0,8,1,19,18,1,0,0,0,0,0,0,2,0,43,16,9,32,56,1,0,0,2,0,0,0,2,0,3,0,0,3,0,0,0,0,0,0,0,0,0,0,0,0,0,0,0,0,0,0,0,0,0,0,0,0,0,0,0,0,0,0,0,0
96,4,8,6,0,2,4,12,24,2,0,0,0,0,0,0,0,1,11,6,24,26,57,0,0,0,5,0,0,0,6,0,1,0,0,1,0,0,0,0,0,0,0,0,0,0,0,0,0,0,0,0,0,0,0,0,0,0,0,0,0,0,0,0,0,0,0,0
97,3,6,3,0,3,1,13,12,0,0,0,0,0,0,0,0,0,22,6,6,26,38,0,0,0,0,0,0,0,0,0,1,0,0,0,0,0,0,0,0,0,0,0,0,0,0,0,0,0,0,0,0,0,0,0,0,0,0,0,0,0,0,0,0,0,0,0
98,4,10,6,0,8,4,19,26,0,0,0,2,0,0,0,2,1,39,17,22,40,79,0,0,0,0,0,0,1,0,0,0,10,4,0,0,0,0,0,0,0,0,0,0,0,0,0,0,0,0,0,0,0,0,0,0,0,0,0,0,0,0,0,0,0,0,0
99,4,9,6,0,6,4,19,25,0,0,0,1,0,0,0,1,1,32,15,23,32,73,0,0,0,0,0,0,0,0,0,2,5,2,2,0,0,0,0,0,0,0,0,0,0,0,0,0,0,0,0,0,0,0,0,0,0,0,0,0,0,0,0,0,0,0,0
100,4,10,6,0,8,4,16,26,0,0,0,2,0,0,0,2,1,33,18,22,34,68,0,0,0,0,0,0,0,0,0,0,9,4,1,0,0,0,0,0,0,0,0,0,0,0,0,0,0,0,0,0,0,0,0,0,0,0,0,0,0,0,0,0,0,0,0
101,1,2,0,0,1,0,6,0,0,0,0,0,0,0,0,0,0,10,0,0,12,0,0,0,0,0,0,0,0,0,0,1,0,0,0,0,0,0,0,0,0,0,0,0,0,0,0,0,0,0,0,0,0,0,0,0,0,0,0,0,0,0,0,0,0,0,0
102,3,8,3,0,7,1,18,16,0,0,0,0,0,0,0,2,0,40,14,8,37,54,0,0,0,0,0,0,0,0,0,2,0,0,1,0,0,0,0,0,0,0,0,0,0,0,0,0,0,0,0,0,0,0,0,0,0,0,0,0,0,0,0,0,0,0,0
103,4,10,6,0,8,4,23,28,0,0,0,1,0,0,0,2,1,47,20,26,44,91,0,0,0,0,0,0,0,0,0,2,6,2,2,0,0,0,0,0,0,0,0,0,0,0,0,0,0,0,0,0,0,0,0,0,0,0,0,0,0,0,0,0,0,0,0
104,3,9,3,0,9,1,20,16,0,0,0,1,0,0,0,3,0,51,14,7,41,55,0,0,0,0,0,0,0,0,0,1,6,1,1,0,0,0,0,0,0,0,0,0,0,0,0,0,0,0,0,0,0,0,0,0,0,0,0,0,0,0,0,0,0,0,0
105,4,10,6,0,8,4,22,28,0,0,0,1,0,0,0,2,1,46,20,26,45,88,0,0,0,0,0,0,0,0,0,1,6,2,2,0,0,0,0,0,0,0,0,0,0,0,0,0,0,0,0,0,0,0,0,0,0,0,0,0,0,0,0,0,0,0,0
106,4,9,6,0,6,4,21,25,0,0,0,1,0,0,0,1,1,40,15,23,42,79,0,0,0,0,0,0,0,0,0,1,5,2,2,0,0,0,0,0,0,0,0,0,0,0,0,0,0,0,0,0,0,0,0,0,0,0,0,0,0,0,0,0,0,0,0
107,1,2,0,0,1,0,4,0,0,0,0,0,0,0,0,0,0,6,0,0,6,0,0,0,0,0,0,0,0,0,0,0,0,0,0,0,0,0,0,0,0,0,0,0,0,0,0,0,0,0,0,0,0,0,0,0,0,0,0,0,0,0,0,0,0,0,0
108,3,6,3,0,6,1,12,10,0,0,0,1,0,0,0,2,0,30,8,4,21,26,0,0,0,0,0,0,0,0,0,1,5,1,0,0,0,0,0,0,0,0,0,0,0,0,0,0,0,0,0,0,0,0,0,0,0,0,0,0,0,0,0,0,0,0,0
109,1,2,0,0,1,0,4,0,0,0,0,0,0,0,0,0,0,4,0,0,4,0,0,0,0,0,0,0,0,0,0,1,0,0,0,0,0,0,0,0,0,0,0,0,0,0,0,0,0,0,0,0,0,0,0,0,0,0,0,0,0,0,0,0,0,0,0
110,3,5,3,0,1,1,5,10,1,0,0,0,0,0,0,0,0,3,2,5,11,18,0,0,0,2,0,0,0,2,0,0,0,0,0,0,0,0,0,0,0,0,0,0,0,0,0,0,0,0,0,0,0,0,0,0,0,0,0,0,0,0,0,0,0,0,0
111,3,8,3,0,7,1,16,14,0,0,0,1,0,0,0,2,0,36,10,6,24,43,0,0,0,0,0,0,0,0,0,1,5,1,1,0,0,0,0,0,0,0,0,0,0,0,0,0,0,0,0,0,0,0,0,0,0,0,0,0,0,0,0,0,0,0,0
112,3,4,3,0,2,1,8,8,0,0,0,0,0,0,0,0,0,12,4,4,13,20,0,0,0,0,0,0,1,0,0,0,0,0,0,0,0,0,0,0,0,0,0,0,0,0,0,0,0,0,0,0,0,0,0,0,0,0,0,0,0,0,0,0,0,0,0
113,3,7,3,0,5,1,12,14,0,0,0,0,0,0,0,1,0,22,10,7,21,40,0,0,0,0,0,0,0,0,0,1,0,0,0,0,0,0,0,0,0,0,0,0,0,0,0,0,0,0,0,0,0,0,0,0,0,0,0,0,0,0,0,0,0,0,0
114,4,8,6,0,4,4,13,22,0,0,0,1,0,0,0,0,1,21,10,20,26,56,0,0,0,0,0,0,0,0,0,0,4,2,0,0,0,0,0,0,0,0,0,0,0,0,0,0,0,0,0,0,0,0,0,0,0,0,0,0,0,0,0,0,0,0,0
115,3,5,2,1,2,0,11,7,0,3,1,0,0,0,0,0,0,14,3,0,15,13,0,1,0,0,2,3,0,6,2,1,0,0,3,0,0,0,0,0,0,0,0,0,0,0,0,0,0,0,0,0,0,0,0,0,0,0,0,0,0,0,0,0,0,0,0
116,2,3,1,0,1,0,6,3,0,0,0,0,0,0,0,0,0,6,1,0,13,8,0,0,0,0,0,0,1,0,0,0,0,0,0,0,0,0,0,0,0,0,0,0,0,0,0,0,0,0,0,0,0,0,0,0,0,0,0,0,0,0,0,0,0,0,0
117,2,3,1,0,1,0,3,1,0,0,0,1,0,0,0,0,0,2,0,0,6,1,0,0,0,0,0,0,0,0,0,0,2,0,0,0,0,0,0,0,0,0,0,0,0,0,0,0,0,0,0,0,0,0,0,0,0,0,0,0,0,0,0,0,0,0,0
118,3,7,3,0,4,1,10,14,1,0,0,0,0,0,0,0,0,18,8,7,15,33,1,0,0,2,0,0,1,2,0,0,0,0,1,0,0,0,0,0,0,0,0,0,0,0,0,0,0,0,0,0,0,0,0,0,0,0,0,0,0,0,0,0,0,0,0
119,3,5,2,1,2,0,11,7,0,3,1,0,0,0,0,0,0,12,3,0,22,21,0,1,0,0,2,3,1,7,2,1,0,0,0,0,0,0,0,0,0,0,0,0,0,0,0,0,0,0,0,0,0,0,0,0,0,0,0,0,0,0,0,0,0,0,0
120,1,2,0,0,1,0,5,0,0,0,0,0,0,0,0,0,0,9,0,0,12,0,0,0,0,0,0,0,0,0,0,0,0,0,0,0,0,0,0,0,0,0,0,0,0,0,0,0,0,0,0,0,0,0,0,0,0,0,0,0,0,0,0,0,0,0,0
121,1,2,0,0,1,0,4,0,0,0,0,0,0,0,0,0,0,6,0,0,8,0,0,0,0,0,0,0,0,0,0,0,0,0,0,0,0,0,0,0,0,0,0,0,0,0,0,0,0,0,0,0,0,0,0,0,0,0,0,0,0,0,0,0,0,0,0
122,3,6,3,0,3,1,15,12,0,0,0,0,0,0,0,0,0,20,6,6,21,42,0,0,0,0,0,0,3,0,0,2,0,0,0,0,0,0,0,0,0,0,0,0,0,0,0,0,0,0,0,0,0,0,0,0,0,0,0,0,0,0,0,0,0,0,0
123,3,6,3,0,3,1,13,12,0,0,0,0,0,0,0,0,0,21,6,6,18,35,0,0,0,0,0,0,1,0,0,0,0,0,1,0,0,0,0,0,0,0,0,0,0,0,0,0,0,0,0,0,0,0,0,0,0,0,0,0,0,0,0,0,0,0,0
124,3,6,3,0,4,1,7,12,0,0,0,0,0,0,0,1,0,11,8,6,12,25,0,0,0,0,0,0,0,0,0,0,0,0,0,0,0,0,0,0,0,0,0,0,0,0,0,0,0,0,0,0,0,0,0,0,0,0,0,0,0,0,0,0,0,0,0
125,2,2,1,0,0,0,3,2,0,0,0,0,0,0,0,0,0,1,0,0,6,4,0,0,0,0,0,0,0,0,0,0,0,0,0,0,0,0,0,0,0,0,0,0,0,0,0,0,0,0,0,0,0,0,0,0,0,0,0,0,0,0,0,0,0,0,0
126,2,3,1,0,1,0,5,3,0,0,0,0,0,0,0,0,0,5,1,0,5,7,0,0,0,0,0,0,1,0,0,0,0,0,0,0,0,0,0,0,0,0,0,0,0,0,0,0,0,0,0,0,0,0,0,0,0,0,0,0,0,0,0,0,0,0,0
127,2,2,1,0,0,0,3,2,0,0,0,0,0,0,0,0,0,1,0,0,6,4,0,0,0,0,0,0,0,0,0,0,0,0,0,0,0,0,0,0,0,0,0,0,0,0,0,0,0,0,0,0,0,0,0,0,0,0,0,0,0,0,0,0,0,0,0
128,2,3,1,0,1,0,6,3,0,0,0,0,0,0,0,0,0,9,1,0,7,8,0,0,0,0,0,0,0,0,0,0,0,0,0,0,0,0,0,0,0,0,0,0,0,0,0,0,0,0,0,0,0,0,0,0,0,0,0,0,0,0,0,0,0,0,0
129,1,2,0,0,1,0,5,0,0,0,0,0,0,0,0,0,0,9,0,0,7,0,0,0,0,0,0,0,0,0,0,0,0,0,0,0,0,0,0,0,0,0,0,0,0,0,0,0,0,0,0,0,0,0,0,0,0,0,0,0,0,0,0,0,0,0,0
130,3,5,3,0,4,1,7,10,0,0,0,0,0,0,0,1,0,13,8,5,10,20,0,0,0,0,0,0,1,0,0,0,0,0,0,0,0,0,0,0,0,0,0,0,0,0,0,0,0,0,0,0,0,0,0,0,0,0,0,0,0,0,0,0,0,0,0
131,1,3,0,0,3,0,4,0,0,0,0,0,0,0,0,1,0,10,0,0,5,0,0,0,0,0,0,0,0,0,0,0,0,0,0,0,0,0,0,0,0,0,0,0,0,0,0,0,0,0,0,0,0,0,0,0,0,0,0,0,0,0,0,0,0,0,0
132,1,3,0,0,3,0,4,0,0,0,0,0,0,0,0,1,0,10,0,0,5,0,0,0,0,0,0,0,0,0,0,0,0,0,0,0,0,0,0,0,0,0,0,0,0,0,0,0,0,0,0,0,0,0,0,0,0,0,0,0,0,0,0,0,0,0,0
133,4,4,6,0,2,4,5,12,0,0,0,0,0,0,0,0,1,7,6,12,10,19,0,0,0,0,0,0,0,0,0,0,0,0,0,0,0,0,0,0,0,0,0,0,0,0,0,0,0,0,0,0,0,0,0,0,0,0,0,0,0,0,0,0,0,0,0
134,3,5,3,0,3,1,10,10,1,0,0,0,0,0,0,0,0,16,6,5,14,23,1,0,0,3,0,0,2,2,0,0,0,0,1,0,0,0,0,0,0,0,0,0,0,0,0,0,0,0,0,0,0,0,0,0,0,0,0,0,0,0,0,0,0,0,0
135,3,7,3,0,4,1,13,14,1,0,0,0,0,0,0,0,0,20,8,7,29,42,1,0,0,3,0,0,1,2,0,0,0,0,0,0,0,0,0,0,0,0,0,0,0,0,0,0,0,0,0,0,0,0,0,0,0,0,0,0,0,0,0,0,0,0,0
136,4,7,5,1,3,2,16,18,0,3,2,0,0,0,0,0,0,24,8,11,30,58,0,1,1,0,2,6,1,6,4,0,0,0,0,0,0,0,0,0,0,0,0,0,0,0,0,0,0,0,0,0,0,0,0,0,0,0,0,0,0,0,0,0,0,0,0
137,4,7,5,1,2,2,11,18,1,3,2,0,0,0,0,0,0,11,5,11,23,40,0,1,1,3,2,6,0,9,4,0,0,0,1,0,0,0,0,0,0,0,0,0,0,0,0,0,0,0,0,0,0,0,0,0,0,0,0,0,0,0,0,0,0,0,0
138,1,2,0,0,1,0,5,0,0,0,0,0,0,0,0,0,0,8,0,0,10,0,0,0,0,0,0,0,1,0,0,0,0,0,0,0,0,0,0,0,0,0,0,0,0,0,0,0,0,0,0,0,0,0,0,0,0,0,0,0,0,0,0,0,0,0,0
139,3,6,2,1,3,0,11,9,1,3,1,0,0,0,0,0,0,16,5,0,19,22,1,1,0,3,2,3,0,8,3,0,0,0,1,0,0,0,0,0,0,0,0,0,0,0,0,0,0,0,0,0,0,0,0,0,0,0,0,0,0,0,0,0,0,0,0
140,4,6,5,1,2,2,14,16,0,2,2,0,0,0,0,0,0,18,6,10,23,46,0,0,1,0,1,4,1,5,4,0,0,0,1,0,0,0,0,0,0,0,0,0,0,0,0,0,0,0,0,0,0,0,0,0,0,0,0,0,0,0,0,0,0,0,0
141,3,5,3,0,4,1,12,10,0,0,0,0,0,0,0,1,0,24,8,5,21,30,0,0,0,0,0,0,3,0,0,0,0,0,0,0,0,0,0,0,0,0,0,0,0,0,0,0,0,0,0,0,0,0,0,0,0,0,0,0,0,0,0,0,0,0,0
142,3,6,3,0,3,1,13,12,0,0,0,0,0,0,0,0,0,21,6,6,28,38,0,0,0,0,0,0,0,0,0,0,0,0,0,0,0,0,0,0,0,0,0,0,0,0,0,0,0,0,0,0,0,0,0,0,0,0,0,0,0,0,0,0,0,0,0
143,3,6,3,0,3,1,13,12,0,0,0,0,0,0,0,0,0,19,6,6,25,38,0,0,0,0,0,0,0,0,0,1,0,0,0,0,0,0,0,0,0,0,0,0,0,0,0,0,0,0,0,0,0,0,0,0,0,0,0,0,0,0,0,0,0,0,0
144,3,6,3,0,3,1,10,12,0,0,0,0,0,0,0,0,0,15,6,6,21,32,0,0,0,0,0,0,0,0,0,0,0,0,0,0,0,0,0,0,0,0,0,0,0,0,0,0,0,0,0,0,0,0,0,0,0,0,0,0,0,0,0,0,0,0,0
145,3,6,3,0,3,1,14,12,0,0,0,0,0,0,0,0,0,23,6,6,24,40,0,0,0,0,0,0,1,0,0,0,0,0,0,0,0,0,0,0,0,0,0,0,0,0,0,0,0,0,0,0,0,0,0,0,0,0,0,0,0,0,0,0,0,0,0
146,3,7,3,0,4,1,15,12,1,0,0,1,0,0,0,1,0,27,5,5,31,32,0,0,0,3,0,0,0,2,0,1,5,1,2,0,0,0,0,0,0,0,0,0,0,0,0,0,0,0,0,0,0,0,0,0,0,0,0,0,0,0,0,0,0,0,0
147,3,8,3,0,7,1,17,14,0,0,0,1,0,0,0,2,0,35,11,6,27,44,0,0,0,0,0,0,3,0,0,1,5,1,1,0,0,0,0,0,0,0,0,0,0,0,0,0,0,0,0,0,0,0,0,0,0,0,0,0,0,0,0,0,0,0,0
148,3,6,2,1,4,0,13,9,0,3,1,0,0,0,0,1,0,24,7,0,24,25,0,1,0,0,2,3,1,7,3,0,0,0,1,0,0,0,0,0,0,0,0,0,0,0,0,0,0,0,0,0,0,0,0,0,0,0,0,0,0,0,0,0,0,0,0
149,3,5,2,1,2,0,13,7,0,3,1,0,0,0,0,0,0,19,3,0,26,18,0,1,0,0,2,3,0,8,2,1,0,0,2,0,0,0,0,0,0,0,0,0,0,0,0,0,0,0,0,0,0,0,0,0,0,0,0,0,0,0,0,0,0,0,0
150,3,8,3,0,7,1,12,12,0,0,0,2,0,0,0,2,0,24,8,4,29,33,0,0,0,0,0,0,0,0,0,1,8,2,0,0,0,0,0,0,0,0,0,0,0,0,0,0,0,0,0,0,0,0,0,0,0,0,0,0,0,0,0,0,0,0,0
151,3,6,3,0,3,1,13,8,0,0,0,2,0,0,0,0,0,19,2,2,25,24,0,0,0,0,0,0,0,0,0,1,8,2,0,0,0,0,0,0,0,0,0,0,0,0,0,0,0,0,0,0,0,0,0,0,0,0,0,0,0,0,0,0,0,0,0
152,3,5,2,1,3,0,10,8,0,2,1,0,0,0,0,1,0,16,6,0,18,22,0,0,0,0,1,2,1,4,3,0,0,0,0,0,0,0,0,0,0,0,0,0,0,0,0,0,0,0,0,0,0,0,0,0,0,0,0,0,0,0,0,0,0,0,0
153,3,4,2,1,1,0,10,6,0,2,1,0,0,0,0,0,0,13,2,0,21,19,0,0,0,0,1,2,0,5,2,0,0,0,0,0,0,0,0,0,0,0,0,0,0,0,0,0,0,0,0,0,0,0,0,0,0,0,0,0,0,0,0,0,0,0,0
154,3,4,2,1,1,0,8,6,0,2,1,0,0,0,0,0,0,8,2,0,14,15,0,0,0,0,1,2,0,5,2,0,0,0,0,0,0,0,0,0,0,0,0,0,0,0,0,0,0,0,0,0,0,0,0,0,0,0,0,0,0,0,0,0,0,0,0
155,3,7,3,0,5,1,10,12,1,0,0,1,0,0,0,1,0,17,6,5,17,25,1,0,0,2,0,0,0,2,0,0,5,1,1,0,0,0,0,0,0,0,0,0,0,0,0,0,0,0,0,0,0,0,0,0,0,0,0,0,0,0,0,0,0,0,0
156,3,7,3,0,4,1,13,14,1,0,0,0,0,0,0,1,0,20,8,7,17,30,0,0,0,3,0,0,0,2,0,1,0,0,4,0,0,0,0,0,0,0,0,0,0,0,0,0,0,0,0,0,0,0,0,0,0,0,0,0,0,0,0,0,0,0,0
157,3,7,3,0,4,1,12,14,1,0,0,0,0,0,0,1,0,19,8,7,21,37,0,0,0,2,0,0,0,2,0,1,0,0,1,0,0,0,0,0,0,0,0,0,0,0,0,0,0,0,0,0,0,0,0,0,0,0,0,0,0,0,0,0,0,0,0
158,4,8,6,0,4,4,15,22,0,0,0,1,0,0,0,0,1,18,10,20,17,53,0,0,0,0,0,0,4,0,0,0,4,2,3,0,0,0,0,0,0,0,0,0,0,0,0,0,0,0,0,0,0,0,0,0,0,0,0,0,0,0,0,0,0,0,0
159,3,8,3,0,6,1,12,14,1,0,0,1,0,0,0,1,0,22,8,6,21,35,1,0,0,2,0,0,0,2,0,0,5,1,1,0,0,0,0,0,0,0,0,0,0,0,0,0,0,0,0,0,0,0,0,0,0,0,0,0,0,0,0,0,0,0,0
160,3,4,2,1,1,0,6,4,0,2,1,1,0,0,0,0,0,5,1,0,12,9,0,0,0,0,1,1,0,3,1,0,2,0,0,0,0,0,0,0,0,0,0,0,0,1,0,0,0,0,0,0,0,0,0,0,0,0,0,0,0,0,0,0,0,0,0
161,3,4,3,0,1,1,3,6,1,0,0,1,0,0,0,0,0,2,1,2,4,6,0,0,0,1,0,0,0,1,0,0,1,1,0,0,0,0,0,0,0,0,0,0,1,0,0,0,0,0,0,0,0,0,0,0,0,0,0,0,0,0,0,0,0,0,0
162,3,5,3,0,1,1,3,8,1,0,0,1,0,0,0,0,0,1,1,3,4,10,0,0,0,1,0,0,0,1,0,0,1,1,0,0,0,0,0,0,0,0,0,0,1,0,0,0,0,0,0,0,0,0,0,0,0,0,0,0,0,0,0,0,0,0,0
163,3,4,2,1,1,0,4,4,0,2,1,1,0,0,0,0,0,2,1,0,7,5,0,0,0,0,1,1,0,3,1,0,2,0,0,0,0,0,0,0,0,0,0,0,0,1,0,0,0,0,0,0,0,0,0,0,0,0,0,0,0,0,0,0,0,0,0
164,3,4,2,1,1,0,5,4,0,2,1,1,0,0,0,0,0,3,1,0,6,7,0,0,0,0,1,1,0,3,1,0,2,0,0,0,0,0,0,0,0,0,0,0,0,1,0,0,0,0,0,0,0,0,0,0,0,0,0,0,0,0,0,0,0,0,0
165,1,2,0,0,1,0,4,0,0,0,0,0,0,0,0,0,0,3,0,0,3,0,0,0,0,0,0,0,1,0,0,1,0,0,0,0,0,0,0,0,0,0,0,0,0,0,0,0,0,0,0,0,0,0,0,0,0,0,0,0,0,0,0,0,0,0,0
166,3,4,2,1,1,0,9,6,0,2,1,0,0,0,0,0,0,11,2,0,13,18,0,0,0,0,0,2,0,2,2,0,0,0,0,0,0,0,0,0,0,0,0,0,1,0,0,0,0,0,0,0,0,0,0,0,0,0,0,0,0,0,0,0,0,0,0
167,2,2,1,0,0,0,3,2,0,0,0,0,0,0,0,0,0,1,0,0,7,4,0,0,0,0,0,0,0,0,0,0,0,0,0,0,0,0,0,0,0,0,0,0,0,0,0,0,0,0,0,0,0,0,0,0,0,0,0,0,0,0,0,0,0,0,0
168,2,4,1,0,2,0,6,4,0,0,0,0,0,0,0,0,0,8,2,0,5,10,0,0,0,0,0,0,1,0,0,0,0,0,0,0,0,0,0,0,0,0,0,0,0,0,0,0,0,0,0,0,0,0,0,0,0,0,0,0,0,0,0,0,0,0,0
169,3,5,3,0,2,1,6,10,0,0,0,0,0,0,0,0,0,7,4,5,8,20,0,0,0,0,0,0,0,0,0,0,0,0,0,0,0,0,0,0,0,0,0,0,0,0,0,0,0,0,0,0,0,0,0,0,0,0,0,0,0,0,0,0,0,0,0
170,3,5,3,0,2,1,7,10,0,0,0,0,0,0,0,0,0,9,4,5,8,22,0,0,0,0,0,0,0,0,0,0,0,0,0,0,0,0,0,0,0,0,0,0,0,0,0,0,0,0,0,0,0,0,0,0,0,0,0,0,0,0,0,0,0,0,0
171,3,4,3,0,2,1,6,8,0,0,0,0,0,0,0,0,0,8,4,4,9,16,0,0,0,0,0,0,0,0,0,0,0,0,0,0,0,0,0,0,0,0,0,0,0,0,0,0,0,0,0,0,0,0,0,0,0,0,0,0,0,0,0,0,0,0,0
172,3,5,3,0,2,1,5,10,0,0,0,0,0,0,0,0,0,5,4,5,5,18,0,0,0,0,0,0,0,0,0,0,0,0,0,0,0,0,0,0,0,0,0,0,0,0,0,0,0,0,0,0,0,0,0,0,0,0,0,0,0,0,0,0,0,0,0
173,2,3,1,0,1,0,5,3,0,0,0,0,0,0,0,0,0,3,1,0,3,7,0,0,0,0,0,0,1,0,0,1,0,0,0,0,0,0,0,0,0,0,0,0,0,0,0,0,0,0,0,0,0,0,0,0,0,0,0,0,0,0,0,0,0,0,0
174,2,2,1,0,0,0,3,2,0,0,0,0,0,0,0,0,0,1,0,0,6,4,0,0,0,0,0,0,0,0,0,0,0,0,0,0,0,0,0,0,0,0,0,0,0,0,0,0,0,0,0,0,0,0,0,0,0,0,0,0,0,0,0,0,0,0,0
175,2,1,0,1,0,0,2,0,0,1,0,0,0,0,0,0,0,1,0,0,3,0,0,0,0,0,0,0,0,2,0,0,0,0,0,0,0,0,0,0,0,0,0,0,0,0,0,0,0,0,0,0,0,0,0,0,0,0,0,0,0,0,0,0,0,0,0
176,3,2,2,1,1,0,3,4,0,0,1,0,0,0,0,0,0,2,2,0,1,6,0,0,0,0,0,0,0,0,2,1,0,0,0,0,0,0,0,0,0,0,0,0,0,0,0,0,0,0,0,0,0,0,0,0,0,0,0,0,0,0,0,0,0,0,0
177,3,5,3,0,1,1,1,8,1,0,0,1,0,0,0,0,0,1,1,3,2,8,0,0,0,0,0,0,0,2,0,0,1,1,0,0,0,0,0,0,0,0,0,0,0,0,0,0,0,0,0,0,0,0,0,0,0,0,0,0,0,0,0,0,0,0,0
178,2,3,1,0,1,0,4,1,0,0,0,1,0,0,0,0,0,3,0,0,2,2,0,0,0,0,0,0,1,0,0,0,2,0,0,0,0,0,0,0,0,0,0,0,0,0,0,0,0,0,0,0,0,0,0,0,0,0,0,0,0,0,0,0,0,0,0
179,1,2,0,0,1,0,5,0,0,0,0,0,0,0,0,0,0,9,0,0,9,0,0,0,0,0,0,0,0,0,0,0,0,0,0,0,0,0,0,0,0,0,0,0,0,0,0,0,0,0,0,0,0,0,0,0,0,0,0,0,0,0,0,0,0,0,0
180,3,5,3,0,4,1,9,10,0,0,0,0,0,0,0,1,0,20,8,5,18,24,0,0,0,0,0,0,0,0,0,0,0,0,0,0,0,0,0,0,0,0,0,0,0,0,0,0,0,0,0,0,0,0,0,0,0,0,0,0,0,0,0,0,0,0,0
181,1,2,0,0,1,0,4,0,0,0,0,0,0,0,0,0,0,6,0,0,8,0,0,0,0,0,0,0,0,0,0,0,0,0,0,0,0,0,0,0,0,0,0,0,0,0,0,0,0,0,0,0,0,0,0,0,0,0,0,0,0,0,0,0,0,0,0
182,3,4,3,0,2,1,8,8,0,0,0,0,0,0,0,0,0,10,4,4,12,17,0,0,0,0,0,0,0,0,0,1,0,0,1,0,0,0,0,0,0,0,0,0,0,0,0,0,0,0,0,0,0,0,0,0,0,0,0,0,0,0,0,0,0,0,0
183,3,6,3,0,3,1,11,12,0,0,0,0,0,0,0,0,0,18,6,6,20,31,0,0,0,0,0,0,0,0,0,0,0,0,1,0,0,0,0,0,0,0,0,0,0,0,0,0,0,0,0,0,0,0,0,0,0,0,0,0,0,0,0,0,0,0,0
184,3,6,3,0,3,1,11,10,0,0,0,1,0,0,0,0,0,17,4,4,22,29,0,0,0,0,0,0,0,0,0,0,3,1,0,0,0,0,0,0,0,0,0,0,0,0,0,0,0,0,0,0,0,0,0,0,0,0,0,0,0,0,0,0,0,0,0
185,3,6,3,0,3,1,8,10,0,0,0,1,0,0,0,0,0,11,4,4,16,20,0,0,0,0,0,0,0,0,0,0,3,1,1,0,0,0,0,0,0,0,0,0,0,0,0,0,0,0,0,0,0,0,0,0,0,0,0,0,0,0,0,0,0,0,0
186,3,6,3,0,3,1,11,10,0,0,0,1,0,0,0,0,0,17,4,4,18,23,0,0,0,0,0,0,0,0,0,0,3,1,2,0,0,0,0,0,0,0,0,0,0,0,0,0,0,0,0,0,0,0,0,0,0,0,0,0,0,0,0,0,0,0,0
187,3,6,3,0,3,1,10,12,0,0,0,0,0,0,0,0,0,15,6,6,16,26,0,0,0,0,0,0,0,0,0,0,0,0,2,0,0,0,0,0,0,0,0,0,0,0,0,0,0,0,0,0,0,0,0,0,0,0,0,0,0,0,0,0,0,0,0
188,3,7,3,0,5,1,15,14,0,0,0,0,0,0,0,1,0,29,10,7,27,37,0,0,0,0,0,0,0,0,0,1,0,0,3,0,0,0,0,0,0,0,0,0,0,0,0,0,0,0,0,0,0,0,0,0,0,0,0,0,0,0,0,0,0,0,0
189,3,6,3,0,3,1,13,12,0,0,0,0,0,0,0,0,0,19,6,6,18,29,0,0,0,0,0,0,0,0,0,1,0,0,3,0,0,0,0,0,0,0,0,0,0,0,0,0,0,0,0,0,0,0,0,0,0,0,0,0,0,0,0,0,0,0,0
190,3,7,3,0,5,1,13,12,0,0,0,1,0,0,0,1,0,25,8,5,25,34,0,0,0,0,0,0,0,0,0,1,3,1,1,0,0,0,0,0,0,0,0,0,0,0,0,0,0,0,0,0,0,0,0,0,0,0,0,0,0,0,0,0,0,0,0
191,3,4,3,0,2,1,4,6,0,0,0,1,0,0,0,0,0,4,2,2,6,7,0,0,0,0,0,0,1,0,0,0,3,1,0,0,0,0,0,0,0,0,0,0,0,0,0,0,0,0,0,0,0,0,0,0,0,0,0,0,0,0,0,0,0,0,0
192,3,4,3,0,2,1,4,6,0,0,0,1,0,0,0,0,0,5,2,2,8,7,0,0,0,0,0,0,0,0,0,0,3,1,0,0,0,0,0,0,0,0,0,0,0,0,0,0,0,0,0,0,0,0,0,0,0,0,0,0,0,0,0,0,0,0,0
193,1,2,0,0,1,0,4,0,0,0,0,0,0,0,0,0,0,4,0,0,4,0,0,0,0,0,0,0,0,0,0,1,0,0,0,0,0,0,0,0,0,0,0,0,0,0,0,0,0,0,0,0,0,0,0,0,0,0,0,0,0,0,0,0,0,0,0
194,3,6,3,0,3,1,8,10,0,0,0,1,0,0,0,0,0,10,4,4,11,23,0,0,0,0,0,0,1,0,0,0,3,1,0,0,0,0,0,0,0,0,0,0,0,0,0,0,0,0,0,0,0,0,0,0,0,0,0,0,0,0,0,0,0,0,0
195,3,2,1,2,0,0,4,2,0,2,0,0,0,1,0,0,0,2,0,0,6,5,0,0,0,0,0,0,0,4,0,0,0,0,0,0,0,0,0,0,0,2,0,0,0,0,0,0,0,0,0,0,0,0,0,0,0,0,0,0,0,0,0,0,0,0,0
196,3,4,2,1,1,0,4,6,0,0,1,0,1,0,0,0,0,3,2,0,6,10,0,0,0,0,0,0,0,0,2,0,0,0,0,0,0,0,0,0,1,1,0,0,0,0,0,0,0,0,0,0,0,0,0,0,0,0,0,0,0,0,0,0,0,0,0
197,3,2,1,2,0,0,4,2,0,2,0,0,0,1,0,0,0,2,0,0,6,5,0,0,0,0,0,0,0,4,0,0,0,0,0,0,0,0,0,0,0,2,0,0,0,0,0,0,0,0,0,0,0,0,0,0,0,0,0,0,0,0,0,0,0,0,0
198,3,6,3,0,2,1,6,10,1,0,0,1,0,0,0,0,0,5,2,4,6,19,0,0,0,0,0,0,0,2,0,0,3,1,0,0,0,0,0,1,0,0,0,0,0,0,0,0,0,0,0,0,0,0,0,0,0,0,0,0,0,0,0,0,0,0,0
199,3,4,2,1,1,0,6,6,0,0,1,0,1,0,0,0,0,4,2,0,8,14,0,0,0,0,0,0,0,0,2,1,0,0,0,0,0,0,0,0,1,1,0,0,0,0,0,0,0,0,0,0,0,0,0,0,0,0,0,0,0,0,0,0,0,0,0
200,1,2,0,0,1,0,4,0,0,0,0,0,0,0,0,0,0,5,0,0,4,0,0,0,0,0,0,0,1,0,0,0,0,0,0,0,0,0,0,0,0,0,0,0,0,0,0,0,0,0,0,0,0,0,0,0,0,0,0,0,0,0,0,0,0,0,0
201,3,4,3,0,1,1,4,8,1,0,0,0,0,0,0,0,0,3,2,4,6,12,0,0,0,0,0,0,0,2,0,0,0,0,0,0,0,0,0,1,0,0,0,0,0,0,0,0,0,0,0,0,0,0,0,0,0,0,0,0,0,0,0,0,0,0,0
202,3,4,3,0,2,1,6,8,0,0,0,0,0,0,0,0,0,8,4,4,10,16,0,0,0,0,0,0,1,0,0,0,0,0,0,0,0,0,0,0,0,0,0,0,0,0,0,0,0,0,0,0,0,0,0,0,0,0,0,0,0,0,0,0,0,0,0
203,3,5,2,1,2,0,8,5,0,1,1,1,1,0,0,0,0,8,1,0,15,11,0,0,0,0,0,0,0,2,1,1,4,0,0,0,1,0,0,0,1,1,0,0,0,1,0,0,0,0,0,0,0,0,0,0,0,0,0,0,0,0,0,0,0,0,0
204,3,5,2,1,2,0,8,5,0,1,1,1,1,0,0,0,0,8,1,0,15,11,0,0,0,0,0,0,0,2,1,1,4,0,0,0,1,0,0,0,1,1,0,0,0,1,0,0,0,0,0,0,0,0,0,0,0,0,0,0,0,0,0,0,0,0,0
205,3,7,3,0,4,1,13,12,1,0,0,1,0,0,0,1,0,21,6,5,20,32,0,0,0,0,0,0,1,1,0,1,3,1,1,0,0,0,0,1,0,0,0,0,1,0,0,0,0,0,0,0,0,0,0,0,0,0,0,0,0,0,0,0,0,0,0
206,4,9,6,0,4,4,12,23,2,0,0,2,0,0,0,0,1,20,8,19,23,50,0,0,0,0,0,0,0,4,0,0,4,4,2,1,0,0,0,0,0,0,0,0,2,0,0,0,0,0,0,0,0,0,0,0,0,0,0,0,0,0,0,0,0,0,0
207,3,7,3,0,4,1,13,12,1,0,0,1,0,0,0,1,0,21,6,5,21,32,0,0,0,0,0,0,1,1,0,1,3,1,1,0,0,0,0,1,0,0,0,0,1,0,0,0,0,0,0,0,0,0,0,0,0,0,0,0,0,0,0,0,0,0,0
208,3,7,3,0,5,1,16,14,0,0,0,0,0,0,0,1,0,29,10,7,31,45,0,0,0,0,0,0,1,0,0,2,0,0,1,0,0,0,0,0,0,0,0,0,0,0,0,0,0,0,0,0,0,0,0,0,0,0,0,0,0,0,0,0,0,0,0
209,4,5,4,2,3,1,6,9,0,2,2,2,0,1,0,1,0,9,5,1,14,13,0,0,0,0,0,0,0,2,4,0,6,2,0,0,0,0,1,0,0,2,0,0,0,2,0,0,0,0,0,0,0,0,0,0,0,0,0,0,0,0,0,0,0,0,0
210,3,7,3,0,5,1,17,14,0,0,0,0,0,0,0,1,0,33,10,7,32,47,0,0,0,0,0,0,1,0,0,2,0,0,1,0,0,0,0,0,0,0,0,0,0,0,0,0,0,0,0,0,0,0,0,0,0,0,0,0,0,0,0,0,0,0,0
211,3,3,1,2,0,0,7,2,0,4,0,0,0,1,0,0,0,5,0,0,12,5,0,0,0,0,0,0,0,6,0,0,0,0,0,0,0,1,0,0,0,2,0,0,2,0,0,0,0,0,0,0,0,0,0,0,0,0,0,0,0,0,0,0,0,0,0
212,3,9,3,0,9,1,22,18,0,0,0,0,0,0,0,3,0,51,18,9,31,62,0,0,0,0,0,0,2,0,0,4,0,0,3,0,0,0,0,0,0,0,0,0,0,0,0,0,0,0,0,0,0,0,0,0,0,0,0,0,0,0,0,0,0,0,0
213,3,7,2,1,5,0,13,10,0,2,1,0,1,0,0,1,0,22,8,0,19,31,0,0,0,0,1,2,2,5,3,1,0,0,0,0,2,0,0,0,1,1,0,0,0,0,0,0,0,0,0,0,0,0,0,0,0,0,0,0,0,0,0,0,0,0,0
214,3,6,2,1,3,0,11,6,0,2,1,1,1,0,0,0,0,13,2,0,18,16,0,0,0,0,1,1,2,5,1,1,4,0,0,0,2,0,0,0,1,1,0,0,0,1,0,0,0,0,0,0,0,0,0,0,0,0,0,0,0,0,0,0,0,0,0
215,4,6,4,2,3,1,9,10,0,4,2,2,0,1,0,1,0,10,5,1,18,19,0,0,0,0,2,2,2,8,4,0,6,2,0,0,0,1,1,0,0,2,0,0,0,2,0,0,0,0,0,0,0,0,0,0,0,0,0,0,0,0,0,0,0,0,0
216,3,6,2,1,3,0,12,6,0,2,1,1,1,0,0,0,0,16,2,0,20,18,0,0,0,0,1,1,2,5,1,1,4,0,0,0,2,0,0,0,1,1,0,0,0,1,0,0,0,0,0,0,0,0,0,0,0,0,0,0,0,0,0,0,0,0,0
217,3,6,2,1,3,0,10,6,0,2,1,1,1,0,0,0,0,14,2,0,20,17,0,0,0,0,1,1,2,4,1,0,3,0,0,0,2,0,0,0,1,1,0,0,0,1,0,0,0,0,0,0,0,0,0,0,0,0,0,0,0,0,0,0,0,0,0
218,4,5,4,2,1,1,10,9,0,4,2,1,0,1,0,0,0,8,2,2,19,23,0,0,0,0,2,3,2,10,3,0,2,1,0,0,0,1,1,0,0,2,0,0,0,1,0,0,0,0,0,0,0,0,0,0,0,0,0,0,0,0,0,0,0,0,0
219,3,7,3,0,4,1,14,12,1,0,0,1,0,0,0,1,0,22,6,5,24,37,0,0,0,1,0,0,1,1,0,1,3,1,0,0,0,0,0,1,0,0,0,0,1,0,0,0,0,0,0,0,0,0,0,0,0,0,0,0,0,0,0,0,0,0,0
220,4,9,6,0,4,4,13,23,2,0,0,2,0,0,0,0,1,18,8,19,26,59,0,0,0,2,0,0,2,4,0,0,4,4,0,1,0,0,0,0,0,0,0,0,2,0,0,0,0,0,0,0,0,0,0,0,0,0,0,0,0,0,0,0,0,0,0
221,3,8,3,0,6,1,16,14,1,0,0,1,0,0,0,2,0,32,10,6,28,46,0,0,0,1,0,0,1,1,0,1,3,1,0,0,0,0,0,1,0,0,0,0,1,0,0,0,0,0,0,0,0,0,0,0,0,0,0,0,0,0,0,0,0,0,0
222,3,7,3,0,4,1,14,12,1,0,0,1,0,0,0,1,0,25,7,5,26,38,0,0,0,1,0,0,1,1,0,0,2,1,0,0,0,0,0,1,0,0,0,0,1,0,0,0,0,0,0,0,0,0,0,0,0,0,0,0,0,0,0,0,0,0,0
223,3,7,3,0,3,1,10,12,2,0,0,1,0,0,0,0,0,13,4,5,22,31,0,0,0,3,0,0,1,3,0,0,2,1,0,1,0,0,0,0,0,0,0,0,1,0,0,0,0,0,0,0,0,0,0,0,0,0,0,0,0,0,0,0,0,0,0
224,4,6,4,2,1,1,8,14,2,4,2,0,0,1,0,0,0,4,3,5,12,24,0,0,0,4,2,4,0,13,6,0,0,0,1,1,0,1,1,0,0,2,0,0,0,0,0,0,0,0,0,0,0,0,0,0,0,0,0,0,0,0,0,0,0,0,0
225,4,6,4,2,1,1,7,14,2,4,2,0,0,1,0,0,0,4,3,5,11,24,0,0,0,4,2,4,0,10,6,0,0,0,1,1,0,1,1,0,0,2,0,0,0,0,0,0,0,0,0,0,0,0,0,0,0,0,0,0,0,0,0,0,0,0,0
226,4,3,4,2,0,1,7,5,0,4,2,0,0,1,0,0,0,3,0,2,9,9,0,0,0,0,2,4,2,10,0,0,0,0,1,0,0,1,1,0,0,2,0,0,0,0,0,0,0,0,0,0,0,0,0,0,0,0,0,0,0,0,0,0,0,0,0
227,1,3,0,0,1,0,3,0,2,0,0,0,0,0,0,0,0,2,0,0,7,0,0,0,0,4,0,0,0,0,0,0,0,0,0,1,0,0,0,0,0,0,0,0,0,0,0,0,0,0,0,0,0,0,0,0,0,0,0,0,0,0,0,0,0,0,0
228,3,5,2,1,2,0,9,6,0,2,1,0,1,0,0,0,0,10,2,0,12,9,0,0,0,0,1,2,2,5,1,0,0,0,2,0,2,0,0,0,1,1,0,0,0,0,0,0,0,0,0,0,0,0,0,0,0,0,0,0,0,0,0,0,0,0,0
229,3,6,2,1,3,0,10,8,0,2,1,0,1,0,0,0,0,13,4,0,13,15,0,0,0,0,1,2,2,5,2,0,0,0,2,0,2,0,0,0,1,1,0,0,0,0,0,0,0,0,0,0,0,0,0,0,0,0,0,0,0,0,0,0,0,0,0
230,3,5,3,0,1,1,11,10,1,0,0,0,0,0,0,0,0,11,2,5,18,24,0,0,0,2,0,0,1,2,0,0,0,0,2,0,0,0,0,1,0,0,0,0,0,0,0,0,0,0,0,0,0,0,0,0,0,0,0,0,0,0,0,0,0,0,0
231,3,7,3,0,4,1,13,14,1,0,0,0,0,0,0,1,0,19,8,7,16,36,0,0,0,2,0,0,2,2,0,0,0,0,2,0,0,0,0,1,0,0,0,0,0,0,0,0,0,0,0,0,0,0,0,0,0,0,0,0,0,0,0,0,0,0,0
232,3,6,2,1,3,0,10,8,0,2,1,0,1,0,0,0,0,15,4,0,12,17,0,0,0,0,1,2,2,3,2,0,0,0,2,0,2,0,0,0,1,1,0,0,0,0,0,0,0,0,0,0,0,0,0,0,0,0,0,0,0,0,0,0,0,0,0
233,3,6,2,1,3,0,8,8,0,2,1,0,1,0,0,0,0,10,4,0,9,13,0,0,0,0,1,2,2,3,2,0,0,0,2,0,2,0,0,0,1,1,0,0,0,0,0,0,0,0,0,0,0,0,0,0,0,0,0,0,0,0,0,0,0,0,0
234,1,2,0,0,1,0,5,0,0,0,0,0,0,0,0,0,0,9,0,0,10,0,0,0,0,0,0,0,0,0,0,0,0,0,0,0,0,0,0,0,0,0,0,0,0,0,0,0,0,0,0,0,0,0,0,0,0,0,0,0,0,0,0,0,0,0,0
235,3,6,3,0,1,1,7,12,2,0,0,0,0,0,0,0,0,6,2,6,13,26,0,0,0,4,0,0,0,4,0,0,0,0,0,0,0,0,0,0,0,0,0,0,0,0,0,0,0,0,0,0,0,0,0,0,0,0,0,0,0,0,0,0,0,0,0
236,3,4,2,1,1,0,5,4,0,2,1,1,0,0,0,0,0,3,1,0,7,7,0,0,0,0,1,1,0,3,1,0,2,0,0,0,0,0,0,0,0,0,0,0,0,1,0,0,0,0,0,0,0,0,0,0,0,0,0,0,0,0,0,0,0,0,0
237,3,4,2,1,1,0,7,6,0,2,1,0,0,0,0,0,0,5,2,0,9,15,0,0,0,0,1,2,2,3,2,0,0,0,0,0,0,0,0,0,0,0,0,0,0,0,0,0,0,0,0,0,0,0,0,0,0,0,0,0,0,0,0,0,0,0,0
238,3,4,2,1,1,0,8,6,0,2,1,0,0,0,0,0,0,7,2,0,9,16,0,0,0,0,0,2,1,2,2,0,0,0,0,0,0,0,0,0,0,0,0,0,1,0,0,0,0,0,0,0,0,0,0,0,0,0,0,0,0,0,0,0,0,0,0
239,3,5,3,0,1,1,4,8,1,0,0,1,0,0,0,0,0,2,1,3,7,12,0,0,0,1,0,0,0,1,0,0,1,1,0,0,0,0,0,0,0,0,0,0,1,0,0,0,0,0,0,0,0,0,0,0,0,0,0,0,0,0,0,0,0,0,0
240,3,5,3,0,4,1,10,10,0,0,0,0,0,0,0,1,0,18,8,5,16,26,0,0,0,0,0,0,3,0,0,0,0,0,0,0,0,0,0,0,0,0,0,0,0,0,0,0,0,0,0,0,0,0,0,0,0,0,0,0,0,0,0,0,0,0,0
241,3,4,2,1,1,0,5,4,0,2,1,1,0,0,0,0,0,3,1,0,8,7,0,0,0,0,1,1,0,3,1,0,2,0,0,0,0,0,0,0,0,0,0,0,0,1,0,0,0,0,0,0,0,0,0,0,0,0,0,0,0,0,0,0,0,0,0
242,3,5,3,0,1,1,5,8,1,0,0,1,0,0,0,0,0,2,1,3,6,14,0,0,0,1,0,0,1,1,0,0,1,1,0,0,0,0,0,0,0,0,0,0,1,0,0,0,0,0,0,0,0,0,0,0,0,0,0,0,0,0,0,0,0,0,0
243,2,4,1,0,1,0,6,4,1,0,0,0,0,0,0,0,0,3,1,0,7,10,0,0,0,2,0,0,1,1,0,1,0,0,0,0,0,0,0,0,0,0,0,0,0,0,0,0,0,0,0,0,0,0,0,0,0,0,0,0,0,0,0,0,0,0,0
244,3,6,3,0,2,1,8,10,1,0,0,1,0,0,0,0,0,9,3,4,16,24,0,0,0,1,0,0,1,1,0,0,1,1,0,0,0,0,0,0,0,0,0,0,1,0,0,0,0,0,0,0,0,0,0,0,0,0,0,0,0,0,0,0,0,0,0
245,3,4,2,1,1,0,6,4,0,2,1,1,0,0,0,0,0,4,1,0,10,9,0,0,0,0,1,1,1,3,1,0,2,0,0,0,0,0,0,0,0,0,0,0,0,1,0,0,0,0,0,0,0,0,0,0,0,0,0,0,0,0,0,0,0,0,0
246,3,4,2,1,1,0,6,4,0,2,1,1,0,0,0,0,0,5,1,0,12,9,0,0,0,0,1,1,0,3,1,0,2,0,0,0,0,0,0,0,0,0,0,0,0,1,0,0,0,0,0,0,0,0,0,0,0,0,0,0,0,0,0,0,0,0,0
247,3,6,3,0,2,1,12,12,1,0,0,0,0,0,0,0,0,13,4,6,19,36,0,0,0,2,0,0,3,2,0,1,0,0,0,0,0,0,0,0,0,0,0,0,0,0,0,0,0,0,0,0,0,0,0,0,0,0,0,0,0,0,0,0,0,0,0
248,3,4,2,1,1,0,6,6,0,2,1,0,0,0,0,0,0,4,2,0,8,12,0,0,0,0,1,2,1,4,2,0,0,0,0,0,0,0,0,0,0,0,0,0,0,0,0,0,0,0,0,0,0,0,0,0,0,0,0,0,0,0,0,0,0,0,0
249,3,4,2,1,1,0,8,6,0,2,1,0,0,0,0,0,0,4,2,0,8,16,0,0,0,0,1,2,2,4,2,1,0,0,0,0,0,0,0,0,0,0,0,0,0,0,0,0,0,0,0,0,0,0,0,0,0,0,0,0,0,0,0,0,0,0,0
250,3,4,2,1,0,0,6,6,1,2,1,0,0,0,0,0,0,2,0,0,9,12,0,0,0,2,1,2,0,6,2,0,0,0,0,0,0,0,0,0,0,0,0,0,0,0,0,0,0,0,0,0,0,0,0,0,0,0,0,0,0,0,0,0,0,0,0
251,3,4,2,1,0,0,5,6,1,2,1,0,0,0,0,0,0,1,0,0,10,11,0,0,0,2,1,2,0,5,2,0,0,0,0,0,0,0,0,0,0,0,0,0,0,0,0,0,0,0,0,0,0,0,0,0,0,0,0,0,0,0,0,0,0,0,0
252,3,3,2,1,0,0,6,4,0,2,1,0,0,0,0,0,0,2,0,0,10,10,0,0,0,0,1,2,1,4,1,0,0,0,0,0,0,0,0,0,0,0,0,0,0,0,0,0,0,0,0,0,0,0,0,0,0,0,0,0,0,0,0,0,0,0,0
253,3,6,3,0,3,1,9,8,0,0,0,2,0,0,0,0,0,9,2,2,16,20,0,0,0,0,0,0,2,0,0,1,6,2,0,0,0,0,0,0,0,0,0,0,0,0,0,0,0,0,0,0,0,0,0,0,0,0,0,0,0,0,0,0,0,0,0
254,3,6,3,0,3,1,11,10,0,0,0,1,0,0,0,0,0,13,4,4,14,26,0,0,0,0,0,0,2,0,0,1,3,1,1,0,0,0,0,0,0,0,0,0,0,0,0,0,0,0,0,0,0,0,0,0,0,0,0,0,0,0,0,0,0,0,0
255,3,6,3,0,2,1,9,10,1,0,0,1,0,0,0,0,0,7,2,4,14,22,0,0,0,3,0,0,0,2,0,1,3,1,1,0,0,0,0,0,0,0,0,0,0,0,0,0,0,0,0,0,0,0,0,0,0,0,0,0,0,0,0,0,0,0,0
256,3,7,3,0,4,1,10,14,1,0,0,0,0,0,0,0,0,10,8,7,13,33,1,0,0,2,0,0,2,2,0,1,0,0,1,0,0,0,0,0,0,0,0,0,0,0,0,0,0,0,0,0,0,0,0,0,0,0,0,0,0,0,0,0,0,0,0
257,3,5,2,1,2,0,8,7,0,3,1,0,0,0,0,0,0,8,3,0,10,15,0,1,0,0,2,3,0,4,2,1,0,0,1,0,0,0,0,0,0,0,0,0,0,0,0,0,0,0,0,0,0,0,0,0,0,0,0,0,0,0,0,0,0,0,0
258,4,4,5,1,1,2,8,10,0,2,2,0,0,0,0,0,0,8,3,6,12,21,0,0,1,0,1,4,0,4,2,0,0,0,1,0,0,0,0,0,0,0,0,0,0,0,0,0,0,0,0,0,0,0,0,0,0,0,0,0,0,0,0,0,0,0,0
259,3,5,2,1,2,0,6,7,0,3,1,0,0,0,0,0,0,7,3,0,12,14,0,1,0,0,2,3,0,4,2,0,0,0,0,0,0,0,0,0,0,0,0,0,0,0,0,0,0,0,0,0,0,0,0,0,0,0,0,0,0,0,0,0,0,0,0
260,1,3,0,0,2,0,4,0,1,0,0,0,0,0,0,0,0,7,0,0,8,0,1,0,0,2,0,0,0,0,0,0,0,0,0,0,0,0,0,0,0,0,0,0,0,0,0,0,0,0,0,0,0,0,0,0,0,0,0,0,0,0,0,0,0,0,0
261,3,4,3,0,1,1,7,8,1,0,0,0,0,0,0,0,0,5,2,4,9,18,0,0,0,3,0,0,2,2,0,0,0,0,0,0,0,0,0,0,0,0,0,0,0,0,0,0,0,0,0,0,0,0,0,0,0,0,0,0,0,0,0,0,0,0,0
262,1,2,0,0,1,0,4,0,0,0,0,0,0,0,0,0,0,5,0,0,7,0,0,0,0,0,0,0,1,0,0,0,0,0,0,0,0,0,0,0,0,0,0,0,0,0,0,0,0,0,0,0,0,0,0,0,0,0,0,0,0,0,0,0,0,0,0
263,1,2,0,0,1,0,4,0,0,0,0,0,0,0,0,0,0,6,0,0,5,0,0,0,0,0,0,0,0,0,0,0,0,0,0,0,0,0,0,0,0,0,0,0,0,0,0,0,0,0,0,0,0,0,0,0,0,0,0,0,0,0,0,0,0,0,0
264,3,4,3,0,2,1,5,8,0,0,0,0,0,0,0,0,0,5,4,4,7,14,0,0,0,0,0,0,2,0,0,0,0,0,0,0,0,0,0,0,0,0,0,0,0,0,0,0,0,0,0,0,0,0,0,0,0,0,0,0,0,0,0,0,0,0,0
265,3,6,3,0,1,1,8,12,2,0,0,0,0,0,0,0,0,5,2,6,13,25,0,0,0,6,0,0,0,4,0,0,0,0,1,0,0,0,0,0,0,0,0,0,0,0,0,0,0,0,0,0,0,0,0,0,0,0,0,0,0,0,0,0,0,0,0
266,3,5,2,1,2,0,11,7,0,3,1,0,0,0,0,0,0,12,3,0,13,18,0,1,0,0,2,3,2,7,2,1,0,0,1,0,0,0,0,0,0,0,0,0,0,0,0,0,0,0,0,0,0,0,0,0,0,0,0,0,0,0,0,0,0,0,0
267,3,7,3,0,4,1,10,10,1,0,0,2,0,0,0,0,0,11,3,3,14,23,1,0,0,2,0,0,2,2,0,1,8,2,0,0,0,0,0,0,0,0,0,0,0,0,0,0,0,0,0,0,0,0,0,0,0,0,0,0,0,0,0,0,0,0,0
268,3,4,2,1,1,0,6,6,0,0,1,0,1,0,0,0,0,5,2,0,8,14,0,0,0,0,0,0,1,0,2,0,0,0,0,0,0,0,0,0,1,1,0,0,0,0,0,0,0,0,0,0,0,0,0,0,0,0,0,0,0,0,0,0,0,0,0
269,3,2,1,2,0,0,2,2,0,2,0,0,0,1,0,0,0,1,0,0,4,3,0,0,0,0,0,0,0,2,0,0,0,0,0,0,0,0,0,0,0,2,0,0,0,0,0,0,0,0,0,0,0,0,0,0,0,0,0,0,0,0,0,0,0,0,0
270,1,2,0,0,0,0,2,0,1,0,0,0,0,0,0,0,0,0,0,0,2,0,0,0,0,0,0,0,0,0,0,0,0,0,0,0,0,0,0,1,0,0,0,0,0,0,0,0,0,0,0,0,0,0,0,0,0,0,0,0,0,0,0,0,0,0,0
271,1,3,0,0,3,0,6,0,0,0,0,0,0,0,0,1,0,15,0,0,7,0,0,0,0,0,0,0,0,0,0,0,0,0,0,0,0,0,0,0,0,0,0,0,0,0,0,0,0,0,0,0,0,0,0,0,0,0,0,0,0,0,0,0,0,0,0
272,1,2,0,0,1,0,3,0,0,0,0,0,0,0,0,0,0,6,0,0,4,0,0,0,0,0,0,0,0,0,0,0,0,0,0,0,0,0,0,0,0,0,0,0,0,0,0,0,0,0,0,0,0,0,0,0,0,0,0,0,0,0,0,0,0,0,0
273,3,3,3,0,3,1,4,6,0,0,0,0,0,0,0,1,0,10,6,3,7,8,0,0,0,0,0,0,0,0,0,0,0,0,0,0,0,0,0,0,0,0,0,0,0,0,0,0,0,0,0,0,0,0,0,0,0,0,0,0,0,0,0,0,0,0,0
274,1,2,0,0,1,0,2,0,0,0,0,0,0,0,0,0,0,3,0,0,5,0,0,0,0,0,0,0,0,0,0,0,0,0,0,0,0,0,0,0,0,0,0,0,0,0,0,0,0,0,0,0,0,0,0,0,0,0,0,0,0,0,0,0,0,0,0
275,1,2,0,0,1,0,3,0,0,0,0,0,0,0,0,0,0,6,0,0,4,0,0,0,0,0,0,0,0,0,0,0,0,0,0,0,0,0,0,0,0,0,0,0,0,0,0,0,0,0,0,0,0,0,0,0,0,0,0,0,0,0,0,0,0,0,0
276,1,2,0,0,1,0,3,0,0,0,0,0,0,0,0,0,0,4,0,0,3,0,0,0,0,0,0,0,0,0,0,0,0,0,0,0,0,0,0,0,0,0,0,0,0,0,0,0,0,0,0,0,0,0,0,0,0,0,0,0,0,0,0,0,0,0,0
277,3,4,3,0,2,1,5,8,0,0,0,0,0,0,0,0,0,7,4,4,6,14,0,0,0,0,0,0,0,0,0,0,0,0,0,0,0,0,0,0,0,0,0,0,0,0,0,0,0,0,0,0,0,0,0,0,0,0,0,0,0,0,0,0,0,0,0
278,1,2,0,0,1,0,4,0,0,0,0,0,0,0,0,0,0,6,0,0,5,0,0,0,0,0,0,0,0,0,0,0,0,0,0,0,0,0,0,0,0,0,0,0,0,0,0,0,0,0,0,0,0,0,0,0,0,0,0,0,0,0,0,0,0,0,0
279,1,2,0,0,1,0,4,0,0,0,0,0,0,0,0,0,0,6,0,0,2,0,0,0,0,0,0,0,0,0,0,0,0,0,0,0,0,0,0,0,0,0,0,0,0,0,0,0,0,0,0,0,0,0,0,0,0,0,0,0,0,0,0,0,0,0,0
280,3,4,3,0,2,1,2,8,0,0,0,0,0,0,0,0,0,3,4,4,3,8,0,0,0,0,0,0,0,0,0,0,0,0,0,0,0,0,0,0,0,0,0,0,0,0,0,0,0,0,0,0,0,0,0,0,0,0,0,0,0,0,0,0,0,0,0
281,3,2,3,0,1,1,2,4,0,0,0,0,0,0,0,0,0,3,2,2,2,4,0,0,0,0,0,0,0,0,0,0,0,0,0,0,0,0,0,0,0,0,0,0,0,0,0,0,0,0,0,0,0,0,0,0,0,0,0,0,0,0,0,0,0,0,0
282,1,2,0,0,1,0,2,0,0,0,0,0,0,0,0,0,0,3,0,0,2,0,0,0,0,0,0,0,0,0,0,0,0,0,0,0,0,0,0,0,0,0,0,0,0,0,0,0,0,0,0,0,0,0,0,0,0,0,0,0,0,0,0,0,0,0,0
283,1,2,0,0,1,0,2,0,0,0,0,0,0,0,0,0,0,3,0,0,2,0,0,0,0,0,0,0,0,0,0,0,0,0,0,0,0,0,0,0,0,0,0,0,0,0,0,0,0,0,0,0,0,0,0,0,0,0,0,0,0,0,0,0,0,0,0
284,3,2,2,1,0,0,4,2,0,2,1,0,0,0,0,0,0,2,0,0,6,4,0,0,0,0,1,2,0,4,0,0,0,0,0,0,0,0,0,0,0,0,0,0,0,0,0,0,0,0,0,0,0,0,0,0,0,0,0,0,0,0,0,0,0,0,0
285,3,4,2,1,1,0,4,6,0,2,1,0,0,0,0,0,0,4,2,0,5,10,0,0,0,0,1,2,0,2,2,0,0,0,0,0,0,0,0,0,0,0,0,0,0,0,0,0,0,0,0,0,0,0,0,0,0,0,0,0,0,0,0,0,0,0,0
286,3,4,2,1,1,0,6,6,0,2,1,0,0,0,0,0,0,6,2,0,7,14,0,0,0,0,1,2,1,2,2,0,0,0,0,0,0,0,0,0,0,0,0,0,0,0,0,0,0,0,0,0,0,0,0,0,0,0,0,0,0,0,0,0,0,0,0
287,3,6,3,0,1,1,7,12,2,0,0,0,0,0,0,0,0,3,2,6,12,26,0,0,0,5,0,0,1,4,0,0,0,0,0,0,0,0,0,0,0,0,0,0,0,0,0,0,0,0,0,0,0,0,0,0,0,0,0,0,0,0,0,0,0,0,0
288,3,6,3,0,3,1,9,8,0,0,0,2,0,0,0,0,0,10,2,2,18,20,0,0,0,0,0,0,1,0,0,1,6,2,0,0,0,0,0,0,0,0,0,0,0,0,0,0,0,0,0,0,0,0,0,0,0,0,0,0,0,0,0,0,0,0,0
289,3,7,3,0,4,1,10,10,1,0,0,2,0,0,0,0,0,11,3,3,14,23,1,0,0,2,0,0,2,2,0,1,8,2,0,0,0,0,0,0,0,0,0,0,0,0,0,0,0,0,0,0,0,0,0,0,0,0,0,0,0,0,0,0,0,0,0
290,3,5,2,1,2,0,11,7,0,3,1,0,0,0,0,0,0,12,3,0,17,21,0,1,0,0,2,3,2,7,2,1,0,0,0,0,0,0,0,0,0,0,0,0,0,0,0,0,0,0,0,0,0,0,0,0,0,0,0,0,0,0,0,0,0,0,0
291,3,6,3,0,1,1,10,12,2,0,0,0,0,0,0,0,0,9,2,6,15,32,0,0,0,3,0,0,1,4,0,0,0,0,0,0,0,0,0,1,0,0,0,0,0,0,0,0,0,0,0,0,0,0,0,0,0,0,0,0,0,0,0,0,0,0,0
292,3,2,1,2,0,0,2,2,0,2,0,0,0,1,0,0,0,1,0,0,4,3,0,0,0,0,0,0,0,2,0,0,0,0,0,0,0,0,0,0,0,2,0,0,0,0,0,0,0,0,0,0,0,0,0,0,0,0,0,0,0,0,0,0,0,0,0
293,3,2,2,1,0,0,2,2,0,0,1,0,1,0,0,0,0,0,0,0,4,2,0,0,0,0,0,0,0,0,0,0,0,0,0,0,0,0,0,0,1,1,0,0,0,0,0,0,0,0,0,0,0,0,0,0,0,0,0,0,0,0,0,0,0,0,0
294,3,6,3,0,1,1,4,12,2,0,0,0,0,0,0,0,0,1,2,6,3,20,0,0,0,3,0,0,0,4,0,0,0,0,0,0,0,0,0,0,0,0,0,0,0,0,0,0,0,0,0,0,0,0,0,0,0,0,0,0,0,0,0,0,0,0,0
295,2,2,0,1,0,0,4,0,0,2,0,0,0,0,0,0,0,2,0,0,8,0,0,0,0,0,1,0,0,4,0,0,0,0,0,0,0,0,0,0,0,0,0,0,0,0,0,0,0,0,0,0,0,0,0,0,0,0,0,0,0,0,0,0,0,0,0
296,3,3,2,1,1,0,6,5,0,1,1,0,0,0,0,0,0,7,2,0,10,12,0,0,0,0,0,1,0,2,2,0,0,0,0,0,0,0,0,0,0,0,0,0,0,0,0,0,0,0,0,0,0,0,0,0,0,0,0,0,0,0,0,0,0,0,0
297,3,3,2,1,1,0,6,5,0,1,1,0,0,0,0,0,0,6,2,0,7,12,0,0,0,0,0,1,1,2,2,0,0,0,0,0,0,0,0,0,0,0,0,0,0,0,0,0,0,0,0,0,0,0,0,0,0,0,0,0,0,0,0,0,0,0,0
298,3,6,3,0,2,1,7,12,1,0,0,0,0,0,0,0,0,9,4,6,7,26,0,0,0,1,0,0,0,2,0,0,0,0,0,0,0,0,0,0,0,0,0,0,0,0,0,0,0,0,0,0,0,0,0,0,0,0,0,0,0,0,0,0,0,0,0
299,3,3,3,0,1,1,2,6,0,0,0,0,0,0,0,0,0,3,2,3,4,6,0,0,0,0,0,0,0,0,0,0,0,0,0,0,0,0,0,0,0,0,0,0,0,0,0,0,0,0,0,0,0,0,0,0,0,0,0,0,0,0,0,0,0,0,0
300,3,4,2,1,1,0,6,6,0,2,1,0,0,0,0,0,0,7,2,0,11,14,0,0,0,0,1,2,0,2,2,0,0,0,0,0,0,0,0,0,0,0,0,0,0,0,0,0,0,0,0,0,0,0,0,0,0,0,0,0,0,0,0,0,0,0,0
301,3,4,2,1,1,0,6,6,0,2,1,0,0,0,0,0,0,7,2,0,10,14,0,0,0,0,1,2,0,2,2,0,0,0,0,0,0,0,0,0,0,0,0,0,0,0,0,0,0,0,0,0,0,0,0,0,0,0,0,0,0,0,0,0,0,0,0
302,3,6,3,0,2,1,8,12,1,0,0,0,0,0,0,0,0,9,4,6,14,28,0,0,0,2,0,0,0,2,0,0,0,0,0,0,0,0,0,0,0,0,0,0,0,0,0,0,0,0,0,0,0,0,0,0,0,0,0,0,0,0,0,0,0,0,0
303,3,6,3,0,3,1,7,12,0,0,0,0,0,0,0,0,0,10,6,6,11,26,0,0,0,0,0,0,0,0,0,0,0,0,0,0,0,0,0,0,0,0,0,0,0,0,0,0,0,0,0,0,0,0,0,0,0,0,0,0,0,0,0,0,0,0,0
304,2,3,1,0,1,0,5,3,0,0,0,0,0,0,0,0,0,6,1,0,7,7,0,0,0,0,0,0,0,0,0,0,0,0,0,0,0,0,0,0,0,0,0,0,0,0,0,0,0,0,0,0,0,0,0,0,0,0,0,0,0,0,0,0,0,0,0
305,1,2,0,0,0,0,2,0,1,0,0,0,0,0,0,0,0,0,0,0,4,0,0,0,0,2,0,0,0,0,0,0,0,0,0,0,0,0,0,0,0,0,0,0,0,0,0,0,0,0,0,0,0,0,0,0,0,0,0,0,0,0,0,0,0,0,0
306,4,7,5,1,3,2,10,17,1,2,2,1,0,0,0,0,0,8,6,8,16,33,1,0,1,2,1,4,0,7,5,1,4,2,1,0,0,0,0,0,0,0,0,0,0,0,0,0,0,0,0,0,0,0,0,0,0,0,0,0,0,0,0,0,0,0,0
307,3,5,2,1,2,0,11,7,0,3,1,0,0,0,0,0,0,12,3,0,13,18,0,1,0,0,2,3,2,7,2,1,0,0,1,0,0,0,0,0,0,0,0,0,0,0,0,0,0,0,0,0,0,0,0,0,0,0,0,0,0,0,0,0,0,0,0
308,4,7,5,1,3,2,10,17,1,2,2,1,0,0,0,0,0,8,6,8,16,33,1,0,1,2,1,4,0,7,5,1,4,2,1,0,0,0,0,0,0,0,0,0,0,0,0,0,0,0,0,0,0,0,0,0,0,0,0,0,0,0,0,0,0,0,0
309,3,5,2,1,2,0,11,7,0,3,1,0,0,0,0,0,0,12,3,0,14,21,0,1,0,0,2,3,2,7,2,1,0,0,0,0,0,0,0,0,0,0,0,0,0,0,0,0,0,0,0,0,0,0,0,0,0,0,0,0,0,0,0,0,0,0,0
310,3,4,3,0,1,1,3,8,1,0,0,0,0,0,0,0,0,1,2,4,4,10,0,0,0,2,0,0,0,2,0,0,0,0,0,0,0,0,0,0,0,0,0,0,0,0,0,0,0,0,0,0,0,0,0,0,0,0,0,0,0,0,0,0,0,0,0
311,1,2,0,0,1,0,4,0,0,0,0,0,0,0,0,0,0,6,0,0,8,0,0,0,0,0,0,0,0,0,0,0,0,0,0,0,0,0,0,0,0,0,0,0,0,0,0,0,0,0,0,0,0,0,0,0,0,0,0,0,0,0,0,0,0,0,0
312,3,4,3,0,2,1,8,8,0,0,0,0,0,0,0,0,0,11,4,4,11,20,0,0,0,0,0,0,1,0,0,0,0,0,0,0,0,0,0,0,0,0,0,0,0,0,0,0,0,0,0,0,0,0,0,0,0,0,0,0,0,0,0,0,0,0,0
313,3,4,3,0,2,1,8,8,0,0,0,0,0,0,0,0,0,12,4,4,11,20,0,0,0,0,0,0,0,0,0,0,0,0,0,0,0,0,0,0,0,0,0,0,0,0,0,0,0,0,0,0,0,0,0,0,0,0,0,0,0,0,0,0,0,0,0
314,1,2,0,0,1,0,4,0,0,0,0,0,0,0,0,0,0,6,0,0,8,0,0,0,0,0,0,0,0,0,0,0,0,0,0,0,0,0,0,0,0,0,0,0,0,0,0,0,0,0,0,0,0,0,0,0,0,0,0,0,0,0,0,0,0,0,0
315,3,6,3,0,3,1,8,12,0,0,0,0,0,0,0,0,0,11,6,6,9,28,0,0,0,0,0,0,1,0,0,0,0,0,0,0,0,0,0,0,0,0,0,0,0,0,0,0,0,0,0,0,0,0,0,0,0,0,0,0,0,0,0,0,0,0,0
316,3,4,3,0,2,1,6,8,0,0,0,0,0,0,0,0,0,9,4,4,8,16,0,0,0,0,0,0,0,0,0,0,0,0,0,0,0,0,0,0,0,0,0,0,0,0,0,0,0,0,0,0,0,0,0,0,0,0,0,0,0,0,0,0,0,0,0
317,3,4,3,0,2,1,4,8,0,0,0,0,0,0,0,0,0,6,4,4,6,12,0,0,0,0,0,0,0,0,0,0,0,0,0,0,0,0,0,0,0,0,0,0,0,0,0,0,0,0,0,0,0,0,0,0,0,0,0,0,0,0,0,0,0,0,0
318,1,2,0,0,1,0,4,0,0,0,0,0,0,0,0,0,0,6,0,0,4,0,0,0,0,0,0,0,0,0,0,0,0,0,0,0,0,0,0,0,0,0,0,0,0,0,0,0,0,0,0,0,0,0,0,0,0,0,0,0,0,0,0,0,0,0,0
319,3,2,3,0,0,1,3,4,0,0,0,0,0,0,0,0,0,1,0,2,4,7,0,0,0,0,0,0,0,0,0,0,0,0,0,0,0,0,0,0,0,0,0,0,0,0,0,0,0,0,0,0,0,0,0,0,0,0,0,0,0,0,0,0,0,0,0
320,1,2,0,0,1,0,2,0,0,0,0,0,0,0,0,0,0,2,0,0,3,0,0,0,0,0,0,0,0,0,0,0,0,0,0,0,0,0,0,0,0,0,0,0,0,0,0,0,0,0,0,0,0,0,0,0,0,0,0,0,0,0,0,0,0,0,0
321,1,2,0,0,1,0,3,0,0,0,0,0,0,0,0,0,0,4,0,0,4,0,0,0,0,0,0,0,0,0,0,0,0,0,0,0,0,0,0,0,0,0,0,0,0,0,0,0,0,0,0,0,0,0,0,0,0,0,0,0,0,0,0,0,0,0,0
322,3,3,3,0,1,1,4,6,0,0,0,0,0,0,0,0,0,3,2,3,3,10,0,0,0,0,0,0,1,0,0,0,0,0,0,0,0,0,0,0,0,0,0,0,0,0,0,0,0,0,0,0,0,0,0,0,0,0,0,0,0,0,0,0,0,0,0
323,3,3,3,0,1,1,5,6,0,0,0,0,0,0,0,0,0,4,2,3,5,12,0,0,0,0,0,0,2,0,0,0,0,0,0,0,0,0,0,0,0,0,0,0,0,0,0,0,0,0,0,0,0,0,0,0,0,0,0,0,0,0,0,0,0,0,0
324,2,2,1,0,1,0,2,2,0,0,0,0,0,0,0,0,0,3,1,0,2,2,0,0,0,0,0,0,0,0,0,0,0,0,0,0,0,0,0,0,0,0,0,0,0,0,0,0,0,0,0,0,0,0,0,0,0,0,0,0,0,0,0,0,0,0,0
325,2,4,1,0,2,0,3,4,0,0,0,0,0,0,0,0,0,4,2,0,3,7,0,0,0,0,0,0,0,0,0,0,0,0,0,0,0,0,0,0,0,0,0,0,0,0,0,0,0,0,0,0,0,0,0,0,0,0,0,0,0,0,0,0,0,0,0
326,2,3,1,0,1,0,4,3,0,0,0,0,0,0,0,0,0,4,1,0,5,6,0,0,0,0,0,0,0,0,0,0,0,0,0,0,0,0,0,0,0,0,0,0,0,0,0,0,0,0,0,0,0,0,0,0,0,0,0,0,0,0,0,0,0,0,0
327,2,3,1,0,1,0,3,3,0,0,0,0,0,0,0,0,0,2,1,0,4,5,0,0,0,0,0,0,0,0,0,0,0,0,0,0,0,0,0,0,0,0,0,0,0,0,0,0,0,0,0,0,0,0,0,0,0,0,0,0,0,0,0,0,0,0,0
328,1,2,0,0,1,0,3,0,0,0,0,0,0,0,0,0,0,4,0,0,5,0,0,0,0,0,0,0,0,0,0,0,0,0,0,0,0,0,0,0,0,0,0,0,0,0,0,0,0,0,0,0,0,0,0,0,0,0,0,0,0,0,0,0,0,0,0
329,1,2,0,0,1,0,4,0,0,0,0,0,0,0,0,0,0,5,0,0,3,0,0,0,0,0,0,0,1,0,0,0,0,0,0,0,0,0,0,0,0,0,0,0,0,0,0,0,0,0,0,0,0,0,0,0,0,0,0,0,0,0,0,0,0,0,0
330,3,4,3,0,2,1,6,8,0,0,0,0,0,0,0,0,0,9,4,4,5,16,0,0,0,0,0,0,0,0,0,0,0,0,0,0,0,0,0,0,0,0,0,0,0,0,0,0,0,0,0,0,0,0,0,0,0,0,0,0,0,0,0,0,0,0,0
331,1,2,0,0,1,0,2,0,0,0,0,0,0,0,0,0,0,3,0,0,3,0,0,0,0,0,0,0,0,0,0,0,0,0,0,0,0,0,0,0,0,0,0,0,0,0,0,0,0,0,0,0,0,0,0,0,0,0,0,0,0,0,0,0,0,0,0
332,2,1,1,0,0,0,2,1,0,0,0,0,0,0,0,0,0,1,0,0,4,2,0,0,0,0,0,0,0,0,0,0,0,0,0,0,0,0,0,0,0,0,0,0,0,0,0,0,0,0,0,0,0,0,0,0,0,0,0,0,0,0,0,0,0,0,0
333,1,1,0,0,0,0,1,0,0,0,0,0,0,0,0,0,0,0,0,0,2,0,0,0,0,0,0,0,0,0,0,0,0,0,0,0,0,0,0,0,0,0,0,0,0,0,0,0,0,0,0,0,0,0,0,0,0,0,0,0,0,0,0,0,0,0,0
334,2,3,1,0,1,0,4,3,0,0,0,0,0,0,0,0,0,6,1,0,2,6,0,0,0,0,0,0,0,0,0,0,0,0,0,0,0,0,0,0,0,0,0,0,0,0,0,0,0,0,0,0,0,0,0,0,0,0,0,0,0,0,0,0,0,0,0
335,3,2,3,0,1,1,3,4,0,0,0,0,0,0,0,0,0,4,2,2,3,6,0,0,0,0,0,0,0,0,0,0,0,0,0,0,0,0,0,0,0,0,0,0,0,0,0,0,0,0,0,0,0,0,0,0,0,0,0,0,0,0,0,0,0,0,0
336,1,2,0,0,1,0,4,0,0,0,0,0,0,0,0,0,0,6,0,0,6,0,0,0,0,0,0,0,0,0,0,0,0,0,0,0,0,0,0,0,0,0,0,0,0,0,0,0,0,0,0,0,0,0,0,0,0,0,0,0,0,0,0,0,0,0,0
337,1,2,0,0,1,0,2,0,0,0,0,0,0,0,0,0,0,3,0,0,4,0,0,0,0,0,0,0,0,0,0,0,0,0,0,0,0,0,0,0,0,0,0,0,0,0,0,0,0,0,0,0,0,0,0,0,0,0,0,0,0,0,0,0,0,0,0
338,1,2,0,0,1,0,4,0,0,0,0,0,0,0,0,0,0,6,0,0,5,0,0,0,0,0,0,0,0,0,0,0,0,0,0,0,0,0,0,0,0,0,0,0,0,0,0,0,0,0,0,0,0,0,0,0,0,0,0,0,0,0,0,0,0,0,0
339,3,4,3,0,2,1,5,8,0,0,0,0,0,0,0,0,0,7,4,4,5,14,0,0,0,0,0,0,0,0,0,0,0,0,0,0,0,0,0,0,0,0,0,0,0,0,0,0,0,0,0,0,0,0,0,0,0,0,0,0,0,0,0,0,0,0,0
340,1,1,0,0,0,0,2,0,0,0,0,0,0,0,0,0,0,1,0,0,2,0,0,0,0,0,0,0,0,0,0,0,0,0,0,0,0,0,0,0,0,0,0,0,0,0,0,0,0,0,0,0,0,0,0,0,0,0,0,0,0,0,0,0,0,0,0
341,1,2,0,0,1,0,4,0,0,0,0,0,0,0,0,0,0,6,0,0,4,0,0,0,0,0,0,0,0,0,0,0,0,0,0,0,0,0,0,0,0,0,0,0,0,0,0,0,0,0,0,0,0,0,0,0,0,0,0,0,0,0,0,0,0,0,0
342,1,2,0,0,1,0,2,0,0,0,0,0,0,0,0,0,0,3,0,0,3,0,0,0,0,0,0,0,0,0,0,0,0,0,0,0,0,0,0,0,0,0,0,0,0,0,0,0,0,0,0,0,0,0,0,0,0,0,0,0,0,0,0,0,0,0,0
343,3,5,3,0,2,1,3,10,0,0,0,0,0,0,0,0,0,3,4,5,2,14,0,0,0,0,0,0,0,0,0,0,0,0,0,0,0,0,0,0,0,0,0,0,0,0,0,0,0,0,0,0,0,0,0,0,0,0,0,0,0,0,0,0,0,0,0
344,1,2,0,0,1,0,4,0,0,0,0,0,0,0,0,0,0,6,0,0,4,0,0,0,0,0,0,0,0,0,0,0,0,0,0,0,0,0,0,0,0,0,0,0,0,0,0,0,0,0,0,0,0,0,0,0,0,0,0,0,0,0,0,0,0,0,0
345,3,4,3,0,2,1,4,8,0,0,0,0,0,0,0,0,0,6,4,4,4,12,0,0,0,0,0,0,0,0,0,0,0,0,0,0,0,0,0,0,0,0,0,0,0,0,0,0,0,0,0,0,0,0,0,0,0,0,0,0,0,0,0,0,0,0,0
346,3,4,3,0,2,1,4,8,0,0,0,0,0,0,0,0,0,6,4,4,4,12,0,0,0,0,0,0,0,0,0,0,0,0,0,0,0,0,0,0,0,0,0,0,0,0,0,0,0,0,0,0,0,0,0,0,0,0,0,0,0,0,0,0,0,0,0
347,1,2,0,0,1,0,4,0,0,0,0,0,0,0,0,0,0,6,0,0,5,0,0,0,0,0,0,0,0,0,0,0,0,0,0,0,0,0,0,0,0,0,0,0,0,0,0,0,0,0,0,0,0,0,0,0,0,0,0,0,0,0,0,0,0,0,0
348,3,4,3,0,2,1,5,8,0,0,0,0,0,0,0,0,0,6,4,4,5,14,0,0,0,0,0,0,1,0,0,0,0,0,0,0,0,0,0,0,0,0,0,0,0,0,0,0,0,0,0,0,0,0,0,0,0,0,0,0,0,0,0,0,0,0,0
349,1,2,0,0,1,0,3,0,0,0,0,0,0,0,0,0,0,4,0,0,2,0,0,0,0,0,0,0,0,0,0,0,0,0,0,0,0,0,0,0,0,0,0,0,0,0,0,0,0,0,0,0,0,0,0,0,0,0,0,0,0,0,0,0,0,0,0
350,1,2,0,0,0,0,2,0,1,0,0,0,0,0,0,0,0,0,0,0,2,0,0,0,0,2,0,0,0,0,0,0,0,0,0,0,0,0,0,0,0,0,0,0,0,0,0,0,0,0,0,0,0,0,0,0,0,0,0,0,0,0,0,0,0,0,0
351,1,2,0,0,0,0,2,0,1,0,0,0,0,0,0,0,0,0,0,0,2,0,0,0,0,2,0,0,0,0,0,0,0,0,0,0,0,0,0,0,0,0,0,0,0,0,0,0,0,0,0,0,0,0,0,0,0,0,0,0,0,0,0,0,0,0,0
352,3,2,2,1,0,0,2,2,0,2,1,0,0,0,0,0,0,1,0,0,4,2,0,0,0,0,1,2,0,2,0,0,0,0,0,0,0,0,0,0,0,0,0,0,0,0,0,0,0,0,0,0,0,0,0,0,0,0,0,0,0,0,0,0,0,0,0
353,3,2,2,1,0,0,2,2,0,2,1,0,0,0,0,0,0,1,0,0,4,2,0,0,0,0,1,2,0,2,0,0,0,0,0,0,0,0,0,0,0,0,0,0,0,0,0,0,0,0,0,0,0,0,0,0,0,0,0,0,0,0,0,0,0,0,0
354,3,4,2,1,1,0,4,6,0,2,1,0,0,0,0,0,0,5,2,0,2,12,0,0,0,0,1,2,1,0,2,0,0,0,0,0,0,0,0,0,0,0,0,0,0,0,0,0,0,0,0,0,0,0,0,0,0,0,0,0,0,0,0,0,0,0,0
355,1,2,0,0,1,0,4,0,0,0,0,0,0,0,0,0,0,6,0,0,6,0,0,0,0,0,0,0,0,0,0,0,0,0,0,0,0,0,0,0,0,0,0,0,0,0,0,0,0,0,0,0,0,0,0,0,0,0,0,0,0,0,0,0,0,0,0
356,1,2,0,0,1,0,4,0,0,0,0,0,0,0,0,0,0,6,0,0,4,0,0,0,0,0,0,0,0,0,0,0,0,0,0,0,0,0,0,0,0,0,0,0,0,0,0,0,0,0,0,0,0,0,0,0,0,0,0,0,0,0,0,0,0,0,0
357,1,2,0,0,1,0,4,0,0,0,0,0,0,0,0,0,0,6,0,0,4,0,0,0,0,0,0,0,0,0,0,0,0,0,0,0,0,0,0,0,0,0,0,0,0,0,0,0,0,0,0,0,0,0,0,0,0,0,0,0,0,0,0,0,0,0,0
358,1,2,0,0,1,0,2,0,0,0,0,0,0,0,0,0,0,3,0,0,4,0,0,0,0,0,0,0,0,0,0,0,0,0,0,0,0,0,0,0,0,0,0,0,0,0,0,0,0,0,0,0,0,0,0,0,0,0,0,0,0,0,0,0,0,0,0
359,3,2,3,0,1,1,4,4,0,0,0,0,0,0,0,0,0,6,2,2,4,8,0,0,0,0,0,0,0,0,0,0,0,0,0,0,0,0,0,0,0,0,0,0,0,0,0,0,0,0,0,0,0,0,0,0,0,0,0,0,0,0,0,0,0,0,0
360,3,6,3,0,3,1,4,12,0,0,0,0,0,0,0,0,0,6,6,6,4,20,0,0,0,0,0,0,0,0,0,0,0,0,0,0,0,0,0,0,0,0,0,0,0,0,0,0,0,0,0,0,0,0,0,0,0,0,0,0,0,0,0,0,0,0,0
361,3,4,3,0,2,1,6,8,0,0,0,0,0,0,0,0,0,9,4,4,4,16,0,0,0,0,0,0,0,0,0,0,0,0,0,0,0,0,0,0,0,0,0,0,0,0,0,0,0,0,0,0,0,0,0,0,0,0,0,0,0,0,0,0,0,0,0
362,3,4,3,0,2,1,4,8,0,0,0,0,0,0,0,0,0,6,4,4,6,12,0,0,0,0,0,0,0,0,0,0,0,0,0,0,0,0,0,0,0,0,0,0,0,0,0,0,0,0,0,0,0,0,0,0,0,0,0,0,0,0,0,0,0,0,0
363,3,4,3,0,2,1,4,8,0,0,0,0,0,0,0,0,0,6,4,4,4,12,0,0,0,0,0,0,0,0,0,0,0,0,0,0,0,0,0,0,0,0,0,0,0,0,0,0,0,0,0,0,0,0,0,0,0,0,0,0,0,0,0,0,0,0,0
364,1,2,0,0,1,0,4,0,0,0,0,0,0,0,0,0,0,6,0,0,6,0,0,0,0,0,0,0,0,0,0,0,0,0,0,0,0,0,0,0,0,0,0,0,0,0,0,0,0,0,0,0,0,0,0,0,0,0,0,0,0,0,0,0,0,0,0
365,2,3,0,1,1,0,5,0,0,3,0,0,0,0,0,0,0,4,0,0,5,0,0,1,0,0,2,0,1,5,0,0,0,0,0,0,0,0,0,0,0,0,0,0,0,0,0,0,0,0,0,0,0,0,0,0,0,0,0,0,0,0,0,0,0,0,0
366,2,2,0,1,0,0,5,0,0,2,0,0,0,0,0,0,0,3,0,0,5,0,0,0,0,0,1,0,1,5,0,0,0,0,0,0,0,0,0,0,0,0,0,0,0,0,0,0,0,0,0,0,0,0,0,0,0,0,0,0,0,0,0,0,0,0,0
367,1,2,0,0,1,0,2,0,0,0,0,0,0,0,0,0,0,3,0,0,3,0,0,0,0,0,0,0,0,0,0,0,0,0,0,0,0,0,0,0,0,0,0,0,0,0,0,0,0,0,0,0,0,0,0,0,0,0,0,0,0,0,0,0,0,0,0
368,1,2,0,0,1,0,4,0,0,0,0,0,0,0,0,0,0,6,0,0,6,0,0,0,0,0,0,0,0,0,0,0,0,0,0,0,0,0,0,0,0,0,0,0,0,0,0,0,0,0,0,0,0,0,0,0,0,0,0,0,0,0,0,0,0,0,0
369,3,2,3,0,1,1,3,4,0,0,0,0,0,0,0,0,0,4,2,2,5,6,0,0,0,0,0,0,0,0,0,0,0,0,0,0,0,0,0,0,0,0,0,0,0,0,0,0,0,0,0,0,0,0,0,0,0,0,0,0,0,0,0,0,0,0,0
370,3,4,2,1,2,0,6,6,0,2,1,0,0,0,0,0,0,7,3,0,7,13,0,1,0,0,0,2,1,3,2,0,0,0,0,0,0,0,0,0,0,0,0,0,0,0,0,0,0,0,0,0,0,0,0,0,0,0,0,0,0,0,0,0,0,0,0
371,2,4,1,0,2,0,5,4,1,0,0,0,0,0,0,0,0,6,2,0,7,8,1,0,0,1,0,0,1,1,0,0,0,0,0,0,0,0,0,0,0,0,0,0,0,0,0,0,0,0,0,0,0,0,0,0,0,0,0,0,0,0,0,0,0,0,0
372,3,3,2,1,1,0,6,5,0,1,1,0,0,0,0,0,0,6,2,0,7,11,0,0,0,0,0,1,1,3,2,0,0,0,0,0,0,0,0,0,0,0,0,0,0,0,0,0,0,0,0,0,0,0,0,0,0,0,0,0,0,0,0,0,0,0,0
373,3,4,2,1,2,0,4,7,1,1,1,0,0,0,0,0,0,4,4,0,6,9,1,0,0,1,0,1,0,4,3,0,0,0,0,0,0,0,0,0,0,0,0,0,0,0,0,0,0,0,0,0,0,0,0,0,0,0,0,0,0,0,0,0,0,0,0
374,4,4,5,1,0,2,4,11,1,1,2,0,0,0,0,0,0,1,0,7,7,15,0,0,1,1,0,2,0,5,3,0,0,0,0,0,0,0,0,0,0,0,0,0,0,0,0,0,0,0,0,0,0,0,0,0,0,0,0,0,0,0,0,0,0,0,0
375,2,3,1,0,1,0,7,3,0,0,0,0,0,0,0,0,0,8,1,0,8,9,0,0,0,0,0,0,1,0,0,0,0,0,0,0,0,0,0,0,0,0,0,0,0,0,0,0,0,0,0,0,0,0,0,0,0,0,0,0,0,0,0,0,0,0,0
376,3,6,3,0,3,1,2,12,0,0,0,0,0,0,0,0,0,3,6,6,2,16,0,0,0,0,0,0,0,0,0,0,0,0,0,0,0,0,0,0,0,0,0,0,0,0,0,0,0,0,0,0,0,0,0,0,0,0,0,0,0,0,0,0,0,0,0
377,3,6,3,0,2,1,7,12,1,0,0,0,0,0,0,0,0,7,4,6,15,26,0,0,0,2,0,0,0,2,0,0,0,0,0,0,0,0,0,0,0,0,0,0,0,0,0,0,0,0,0,0,0,0,0,0,0,0,0,0,0,0,0,0,0,0,0
378,3,7,3,0,4,1,7,12,1,0,0,1,0,0,0,1,0,12,6,5,10,25,0,0,0,1,0,0,1,1,0,0,2,1,0,0,0,0,0,0,0,0,0,0,1,0,0,0,0,0,0,0,0,0,0,0,0,0,0,0,0,0,0,0,0,0,0
379,3,4,3,0,2,1,4,8,0,0,0,0,0,0,0,0,0,6,4,4,6,12,0,0,0,0,0,0,0,0,0,0,0,0,0,0,0,0,0,0,0,0,0,0,0,0,0,0,0,0,0,0,0,0,0,0,0,0,0,0,0,0,0,0,0,0,0
380,1,2,0,0,1,0,4,0,0,0,0,0,0,0,0,0,0,6,0,0,4,0,0,0,0,0,0,0,0,0,0,0,0,0,0,0,0,0,0,0,0,0,0,0,0,0,0,0,0,0,0,0,0,0,0,0,0,0,0,0,0,0,0,0,0,0,0
381,3,4,3,0,2,1,6,8,0,0,0,0,0,0,0,0,0,9,4,4,2,16,0,0,0,0,0,0,0,0,0,0,0,0,0,0,0,0,0,0,0,0,0,0,0,0,0,0,0,0,0,0,0,0,0,0,0,0,0,0,0,0,0,0,0,0,0
382,3,6,3,0,2,1,6,10,1,0,0,1,0,0,0,0,0,6,3,4,7,20,0,0,0,1,0,0,1,1,0,0,1,1,0,0,0,0,0,0,0,0,0,0,1,0,0,0,0,0,0,0,0,0,0,0,0,0,0,0,0,0,0,0,0,0,0
383,2,5,1,0,4,0,5,3,0,0,0,1,0,0,0,1,0,12,1,0,9,5,0,0,0,0,0,0,0,0,0,0,4,0,0,0,0,0,0,0,0,0,0,0,0,0,0,0,0,0,0,0,0,0,0,0,0,0,0,0,0,0,0,0,0,0,0
384,1,2,0,0,1,0,2,0,0,0,0,0,0,0,0,0,0,3,0,0,4,0,0,0,0,0,0,0,0,0,0,0,0,0,0,0,0,0,0,0,0,0,0,0,0,0,0,0,0,0,0,0,0,0,0,0,0,0,0,0,0,0,0,0,0,0,0
385,3,6,3,0,1,1,7,10,2,0,0,1,0,0,0,0,0,5,1,4,10,22,0,0,0,4,0,0,0,3,0,0,1,1,0,0,0,0,0,0,0,0,0,0,1,0,0,0,0,0,0,0,0,0,0,0,0,0,0,0,0,0,0,0,0,0,0
386,1,1,0,0,0,0,1,0,0,0,0,0,0,0,0,0,0,0,0,0,2,0,0,0,0,0,0,0,0,0,0,0,0,0,0,0,0,0,0,0,0,0,0,0,0,0,0,0,0,0,0,0,0,0,0,0,0,0,0,0,0,0,0,0,0,0,0
387,2,3,1,0,1,0,2,3,0,0,0,0,0,0,0,0,0,3,1,0,2,4,0,0,0,0,0,0,0,0,0,0,0,0,0,0,0,0,0,0,0,0,0,0,0,0,0,0,0,0,0,0,0,0,0,0,0,0,0,0,0,0,0,0,0,0,0
388,2,1,1,0,0,0,2,1,0,0,0,0,0,0,0,0,0,1,0,0,2,2,0,0,0,0,0,0,0,0,0,0,0,0,0,0,0,0,0,0,0,0,0,0,0,0,0,0,0,0,0,0,0,0,0,0,0,0,0,0,0,0,0,0,0,0,0
389,3,6,3,0,2,1,6,12,1,0,0,0,0,0,0,0,0,5,4,6,11,24,0,0,0,2,0,0,1,2,0,0,0,0,0,0,0,0,0,0,0,0,0,0,0,0,0,0,0,0,0,0,0,0,0,0,0,0,0,0,0,0,0,0,0,0,0
390,3,4,2,1,1,0,9,6,0,2,1,0,0,0,0,0,0,10,2,0,13,17,0,0,0,0,1,2,0,5,2,0,0,0,0,0,0,0,0,0,0,0,0,0,0,0,0,0,0,0,0,0,0,0,0,0,0,0,0,0,0,0,0,0,0,0,0
391,3,5,2,1,3,0,10,8,0,2,1,0,0,0,0,1,0,14,6,0,14,22,0,0,0,0,1,2,1,4,3,1,0,0,0,0,0,0,0,0,0,0,0,0,0,0,0,0,0,0,0,0,0,0,0,0,0,0,0,0,0,0,0,0,0,0,0
392,3,5,2,1,3,0,8,6,0,2,1,1,0,0,0,1,0,12,4,0,14,14,0,0,0,0,1,1,1,3,2,0,3,0,0,0,0,0,0,0,0,0,0,0,0,1,0,0,0,0,0,0,0,0,0,0,0,0,0,0,0,0,0,0,0,0,0
393,3,4,3,0,2,1,8,8,0,0,0,0,0,0,0,0,0,10,4,4,9,20,0,0,0,0,0,0,2,0,0,0,0,0,0,0,0,0,0,0,0,0,0,0,0,0,0,0,0,0,0,0,0,0,0,0,0,0,0,0,0,0,0,0,0,0,0
394,3,4,2,1,1,0,9,6,0,2,1,0,0,0,0,0,0,10,2,0,13,17,0,0,0,0,0,2,0,3,2,0,0,0,0,0,0,0,0,0,0,0,0,0,1,0,0,0,0,0,0,0,0,0,0,0,0,0,0,0,0,0,0,0,0,0,0
395,3,5,3,0,2,1,10,10,0,0,0,0,0,0,0,0,0,14,4,5,16,28,0,0,0,0,0,0,1,0,0,0,0,0,0,0,0,0,0,0,0,0,0,0,0,0,0,0,0,0,0,0,0,0,0,0,0,0,0,0,0,0,0,0,0,0,0
396,3,4,3,0,1,1,6,8,1,0,0,0,0,0,0,0,0,5,2,4,9,16,0,0,0,2,0,0,1,2,0,0,0,0,0,0,0,0,0,0,0,0,0,0,0,0,0,0,0,0,0,0,0,0,0,0,0,0,0,0,0,0,0,0,0,0,0
397,1,2,0,0,1,0,4,0,0,0,0,0,0,0,0,0,0,5,0,0,6,0,0,0,0,0,0,0,1,0,0,0,0,0,0,0,0,0,0,0,0,0,0,0,0,0,0,0,0,0,0,0,0,0,0,0,0,0,0,0,0,0,0,0,0,0,0
398,3,4,2,1,1,0,7,6,0,2,1,0,0,0,0,0,0,7,2,0,14,13,0,0,0,0,1,2,0,5,2,0,0,0,0,0,0,0,0,0,0,0,0,0,0,0,0,0,0,0,0,0,0,0,0,0,0,0,0,0,0,0,0,0,0,0,0
399,3,4,2,1,1,0,8,4,0,2,1,1,0,0,0,0,0,8,1,0,13,10,0,0,0,0,1,1,0,4,1,0,3,0,0,0,0,0,0,0,0,0,0,0,0,1,0,0,0,0,0,0,0,0,0,0,0,0,0,0,0,0,0,0,0,0,0
400,4,8,6,0,2,4,10,22,2,0,0,1,0,0,0,0,1,10,5,20,15,50,0,0,0,3,0,0,0,5,0,0,1,2,0,0,0,0,0,0,0,0,0,0,1,0,0,0,0,0,0,0,0,0,0,0,0,0,0,0,0,0,0,0,0,0,0
401,3,3,3,0,1,1,6,6,0,0,0,0,0,0,0,0,0,6,2,3,8,14,0,0,0,0,0,0,1,0,0,1,0,0,0,0,0,0,0,0,0,0,0,0,0,0,0,0,0,0,0,0,0,0,0,0,0,0,0,0,0,0,0,0,0,0,0
402,1,2,0,0,1,0,3,0,0,0,0,0,0,0,0,0,0,4,0,0,6,0,0,0,0,0,0,0,0,0,0,0,0,0,0,0,0,0,0,0,0,0,0,0,0,0,0,0,0,0,0,0,0,0,0,0,0,0,0,0,0,0,0,0,0,0,0
403,3,7,3,0,5,1,13,14,0,0,0,0,0,0,0,1,0,21,10,7,13,42,0,0,0,0,0,0,2,0,0,1,0,0,0,0,0,0,0,0,0,0,0,0,0,0,0,0,0,0,0,0,0,0,0,0,0,0,0,0,0,0,0,0,0,0,0
404,3,6,3,0,3,1,7,12,0,0,0,0,0,0,0,0,0,12,6,6,11,26,0,0,0,0,0,0,0,0,0,0,0,0,0,0,0,0,0,0,0,0,0,0,0,0,0,0,0,0,0,0,0,0,0,0,0,0,0,0,0,0,0,0,0,0,0
405,3,4,3,0,2,1,6,8,0,0,0,0,0,0,0,0,0,9,4,4,7,16,0,0,0,0,0,0,0,0,0,0,0,0,0,0,0,0,0,0,0,0,0,0,0,0,0,0,0,0,0,0,0,0,0,0,0,0,0,0,0,0,0,0,0,0,0
406,1,2,0,0,1,0,4,0,0,0,0,0,0,0,0,0,0,6,0,0,6,0,0,0,0,0,0,0,0,0,0,0,0,0,0,0,0,0,0,0,0,0,0,0,0,0,0,0,0,0,0,0,0,0,0,0,0,0,0,0,0,0,0,0,0,0,0
407,3,4,3,0,2,1,4,8,0,0,0,0,0,0,0,0,0,6,4,4,6,12,0,0,0,0,0,0,0,0,0,0,0,0,0,0,0,0,0,0,0,0,0,0,0,0,0,0,0,0,0,0,0,0,0,0,0,0,0,0,0,0,0,0,0,0,0
408,1,2,0,0,1,0,4,0,0,0,0,0,0,0,0,0,0,6,0,0,4,0,0,0,0,0,0,0,0,0,0,0,0,0,0,0,0,0,0,0,0,0,0,0,0,0,0,0,0,0,0,0,0,0,0,0,0,0,0,0,0,0,0,0,0,0,0
409,3,2,3,0,1,1,4,4,0,0,0,0,0,0,0,0,0,6,2,2,2,8,0,0,0,0,0,0,0,0,0,0,0,0,0,0,0,0,0,0,0,0,0,0,0,0,0,0,0,0,0,0,0,0,0,0,0,0,0,0,0,0,0,0,0,0,0
410,1,2,0,0,1,0,2,0,0,0,0,0,0,0,0,0,0,3,0,0,4,0,0,0,0,0,0,0,0,0,0,0,0,0,0,0,0,0,0,0,0,0,0,0,0,0,0,0,0,0,0,0,0,0,0,0,0,0,0,0,0,0,0,0,0,0,0
411,1,2,0,0,1,0,2,0,0,0,0,0,0,0,0,0,0,3,0,0,4,0,0,0,0,0,0,0,0,0,0,0,0,0,0,0,0,0,0,0,0,0,0,0,0,0,0,0,0,0,0,0,0,0,0,0,0,0,0,0,0,0,0,0,0,0,0
412,2,3,1,0,1,0,5,3,0,0,0,0,0,0,0,0,0,5,1,0,6,7,0,0,0,0,0,0,0,0,0,0,0,0,0,0,0,0,0,0,0,0,0,0,0,0,0,0,0,0,0,0,0,0,0,0,0,0,0,0,0,0,0,0,0,0,0
413,1,2,0,0,1,0,4,0,0,0,0,0,0,0,0,0,0,5,0,0,4,0,0,0,0,0,0,0,1,0,0,0,0,0,0,0,0,0,0,0,0,0,0,0,0,0,0,0,0,0,0,0,0,0,0,0,0,0,0,0,0,0,0,0,0,0,0
414,1,2,0,0,1,0,4,0,0,0,0,0,0,0,0,0,0,6,0,0,4,0,0,0,0,0,0,0,0,0,0,0,0,0,0,0,0,0,0,0,0,0,0,0,0,0,0,0,0,0,0,0,0,0,0,0,0,0,0,0,0,0,0,0,0,0,0
415,3,4,3,0,2,1,4,8,0,0,0,0,0,0,0,0,0,5,4,4,4,12,0,0,0,0,0,0,1,0,0,0,0,0,0,0,0,0,0,0,0,0,0,0,0,0,0,0,0,0,0,0,0,0,0,0,0,0,0,0,0,0,0,0,0,0,0
416,3,4,3,0,2,1,4,8,0,0,0,0,0,0,0,0,0,5,4,4,4,12,0,0,0,0,0,0,1,0,0,0,0,0,0,0,0,0,0,0,0,0,0,0,0,0,0,0,0,0,0,0,0,0,0,0,0,0,0,0,0,0,0,0,0,0,0
417,3,4,3,0,1,1,4,8,1,0,0,0,0,0,0,0,0,3,2,4,4,12,0,0,0,2,0,0,0,2,0,0,0,0,0,0,0,0,0,0,0,0,0,0,0,0,0,0,0,0,0,0,0,0,0,0,0,0,0,0,0,0,0,0,0,0,0
418,1,2,0,0,1,0,4,0,0,0,0,0,0,0,0,0,0,6,0,0,4,0,0,0,0,0,0,0,0,0,0,0,0,0,0,0,0,0,0,0,0,0,0,0,0,0,0,0,0,0,0,0,0,0,0,0,0,0,0,0,0,0,0,0,0,0,0
419,3,4,2,1,1,0,4,6,0,2,1,0,0,0,0,0,0,4,2,0,4,10,0,0,0,0,1,2,0,2,2,0,0,0,0,0,0,0,0,0,0,0,0,0,0,0,0,0,0,0,0,0,0,0,0,0,0,0,0,0,0,0,0,0,0,0,0
420,3,4,3,0,1,1,4,8,1,0,0,0,0,0,0,0,0,2,2,4,3,12,0,0,0,2,0,0,0,2,0,0,0,0,0,0,0,0,0,0,0,0,0,0,0,0,0,0,0,0,0,0,0,0,0,0,0,0,0,0,0,0,0,0,0,0,0
421,1,2,0,0,1,0,4,0,0,0,0,0,0,0,0,0,0,5,0,0,4,0,0,0,0,0,0,0,1,0,0,0,0,0,0,0,0,0,0,0,0,0,0,0,0,0,0,0,0,0,0,0,0,0,0,0,0,0,0,0,0,0,0,0,0,0,0
422,1,2,0,0,0,0,2,0,1,0,0,0,0,0,0,0,0,0,0,0,4,0,0,0,0,2,0,0,0,0,0,0,0,0,0,0,0,0,0,0,0,0,0,0,0,0,0,0,0,0,0,0,0,0,0,0,0,0,0,0,0,0,0,0,0,0,0
423,3,2,2,1,0,0,4,2,0,2,1,0,0,0,0,0,0,2,0,0,4,4,0,0,0,0,1,2,0,4,0,0,0,0,0,0,0,0,0,0,0,0,0,0,0,0,0,0,0,0,0,0,0,0,0,0,0,0,0,0,0,0,0,0,0,0,0
424,3,4,2,1,1,0,4,6,0,2,1,0,0,0,0,0,0,4,2,0,4,10,0,0,0,0,1,2,0,2,2,0,0,0,0,0,0,0,0,0,0,0,0,0,0,0,0,0,0,0,0,0,0,0,0,0,0,0,0,0,0,0,0,0,0,0,0
425,1,1,0,0,0,0,2,0,0,0,0,0,0,0,0,0,0,1,0,0,3,0,0,0,0,0,0,0,0,0,0,0,0,0,0,0,0,0,0,0,0,0,0,0,0,0,0,0,0,0,0,0,0,0,0,0,0,0,0,0,0,0,0,0,0,0,0
426,2,2,1,0,1,0,3,2,0,0,0,0,0,0,0,0,0,4,1,0,3,3,0,0,0,0,0,0,0,0,0,0,0,0,0,0,0,0,0,0,0,0,0,0,0,0,0,0,0,0,0,0,0,0,0,0,0,0,0,0,0,0,0,0,0,0,0
427,3,4,3,0,1,1,3,8,0,0,0,0,0,0,0,0,0,2,2,4,4,11,0,0,0,0,0,0,1,0,0,0,0,0,0,0,0,0,0,0,0,0,0,0,0,0,0,0,0,0,0,0,0,0,0,0,0,0,0,0,0,0,0,0,0,0,0
428,2,3,1,0,1,0,6,3,0,0,0,0,0,0,0,0,0,7,1,0,12,8,0,0,0,0,0,0,0,0,0,0,0,0,0,0,0,0,0,0,0,0,0,0,0,0,0,0,0,0,0,0,0,0,0,0,0,0,0,0,0,0,0,0,0,0,0
429,3,2,3,0,1,1,4,4,0,0,0,0,0,0,0,0,0,6,2,2,2,8,0,0,0,0,0,0,0,0,0,0,0,0,0,0,0,0,0,0,0,0,0,0,0,0,0,0,0,0,0,0,0,0,0,0,0,0,0,0,0,0,0,0,0,0,0
430,1,2,0,0,1,0,2,0,0,0,0,0,0,0,0,0,0,3,0,0,4,0,0,0,0,0,0,0,0,0,0,0,0,0,0,0,0,0,0,0,0,0,0,0,0,0,0,0,0,0,0,0,0,0,0,0,0,0,0,0,0,0,0,0,0,0,0
431,1,2,0,0,1,0,4,0,0,0,0,0,0,0,0,0,0,6,0,0,6,0,0,0,0,0,0,0,0,0,0,0,0,0,0,0,0,0,0,0,0,0,0,0,0,0,0,0,0,0,0,0,0,0,0,0,0,0,0,0,0,0,0,0,0,0,0
432,1,2,0,0,1,0,2,0,0,0,0,0,0,0,0,0,0,3,0,0,4,0,0,0,0,0,0,0,0,0,0,0,0,0,0,0,0,0,0,0,0,0,0,0,0,0,0,0,0,0,0,0,0,0,0,0,0,0,0,0,0,0,0,0,0,0,0
433,3,2,3,0,1,1,4,4,0,0,0,0,0,0,0,0,0,6,2,2,7,8,0,0,0,0,0,0,0,0,0,0,0,0,0,0,0,0,0,0,0,0,0,0,0,0,0,0,0,0,0,0,0,0,0,0,0,0,0,0,0,0,0,0,0,0,0
434,1,2,0,0,1,0,4,0,0,0,0,0,0,0,0,0,0,6,0,0,8,0,0,0,0,0,0,0,0,0,0,0,0,0,0,0,0,0,0,0,0,0,0,0,0,0,0,0,0,0,0,0,0,0,0,0,0,0,0,0,0,0,0,0,0,0,0
435,1,2,0,0,1,0,2,0,0,0,0,0,0,0,0,0,0,3,0,0,4,0,0,0,0,0,0,0,0,0,0,0,0,0,0,0,0,0,0,0,0,0,0,0,0,0,0,0,0,0,0,0,0,0,0,0,0,0,0,0,0,0,0,0,0,0,0
436,1,2,0,0,1,0,3,0,0,0,0,0,0,0,0,0,0,3,0,0,4,0,0,0,0,0,0,0,1,0,0,0,0,0,0,0,0,0,0,0,0,0,0,0,0,0,0,0,0,0,0,0,0,0,0,0,0,0,0,0,0,0,0,0,0,0,0
437,3,3,3,0,0,1,4,6,1,0,0,0,0,0,0,0,0,1,0,3,6,10,0,0,0,2,0,0,0,2,0,0,0,0,0,0,0,0,0,0,0,0,0,0,0,0,0,0,0,0,0,0,0,0,0,0,0,0,0,0,0,0,0,0,0,0,0
438,1,2,0,0,0,0,2,0,1,0,0,0,0,0,0,0,0,0,0,0,4,0,0,0,0,2,0,0,0,0,0,0,0,0,0,0,0,0,0,0,0,0,0,0,0,0,0,0,0,0,0,0,0,0,0,0,0,0,0,0,0,0,0,0,0,0,0
439,3,4,2,1,1,0,4,6,0,2,1,0,0,0,0,0,0,4,2,0,3,10,0,0,0,0,1,2,0,2,2,0,0,0,0,0,0,0,0,0,0,0,0,0,0,0,0,0,0,0,0,0,0,0,0,0,0,0,0,0,0,0,0,0,0,0,0
440,3,4,3,0,1,1,4,8,1,0,0,0,0,0,0,0,0,3,2,4,4,12,0,0,0,2,0,0,0,2,0,0,0,0,0,0,0,0,0,0,0,0,0,0,0,0,0,0,0,0,0,0,0,0,0,0,0,0,0,0,0,0,0,0,0,0,0
441,3,4,2,1,1,0,3,6,0,2,1,0,0,0,0,0,0,2,2,0,4,8,0,0,0,0,1,2,0,2,2,0,0,0,0,0,0,0,0,0,0,0,0,0,0,0,0,0,0,0,0,0,0,0,0,0,0,0,0,0,0,0,0,0,0,0,0
442,3,2,2,1,0,0,4,2,0,2,1,0,0,0,0,0,0,2,0,0,3,4,0,0,0,0,1,2,0,4,0,0,0,0,0,0,0,0,0,0,0,0,0,0,0,0,0,0,0,0,0,0,0,0,0,0,0,0,0,0,0,0,0,0,0,0,0
443,1,2,0,0,1,0,4,0,0,0,0,0,0,0,0,0,0,5,0,0,4,0,0,0,0,0,0,0,1,0,0,0,0,0,0,0,0,0,0,0,0,0,0,0,0,0,0,0,0,0,0,0,0,0,0,0,0,0,0,0,0,0,0,0,0,0,0
444,3,6,3,0,2,1,11,10,1,0,0,1,0,0,0,0,0,11,3,4,19,28,0,0,0,3,0,0,0,1,0,1,2,1,0,0,0,0,0,0,0,0,0,0,1,0,0,0,0,0,0,0,0,0,0,0,0,0,0,0,0,0,0,0,0,0,0
445,3,5,3,0,1,1,7,10,1,0,0,0,0,0,0,0,0,6,2,5,11,19,0,0,0,2,0,0,0,2,0,0,0,0,1,0,0,0,0,0,0,0,0,0,0,0,0,0,0,0,0,0,0,0,0,0,0,0,0,0,0,0,0,0,0,0,0
446,3,5,3,0,2,1,9,10,0,0,0,0,0,0,0,0,0,10,4,5,11,20,0,0,0,0,0,0,1,0,0,0,0,0,2,0,0,0,0,0,0,0,0,0,0,0,0,0,0,0,0,0,0,0,0,0,0,0,0,0,0,0,0,0,0,0,0
447,2,4,1,0,2,0,8,4,0,0,0,0,0,0,0,0,0,11,2,0,10,9,0,0,0,0,0,0,1,0,0,0,0,0,1,0,0,0,0,0,0,0,0,0,0,0,0,0,0,0,0,0,0,0,0,0,0,0,0,0,0,0,0,0,0,0,0
448,3,5,3,0,2,1,9,10,0,0,0,0,0,0,0,0,0,10,4,5,10,20,0,0,0,0,0,0,1,0,0,0,0,0,2,0,0,0,0,0,0,0,0,0,0,0,0,0,0,0,0,0,0,0,0,0,0,0,0,0,0,0,0,0,0,0,0
449,3,5,3,0,1,1,6,10,1,0,0,0,0,0,0,0,0,5,2,5,11,17,0,0,0,1,0,0,0,2,0,0,0,0,1,0,0,0,0,0,0,0,0,0,0,0,0,0,0,0,0,0,0,0,0,0,0,0,0,0,0,0,0,0,0,0,0
450,2,4,1,0,2,0,8,4,0,0,0,0,0,0,0,0,0,11,2,0,9,9,0,0,0,0,0,0,1,0,0,0,0,0,1,0,0,0,0,0,0,0,0,0,0,0,0,0,0,0,0,0,0,0,0,0,0,0,0,0,0,0,0,0,0,0,0
451,3,6,3,0,3,1,10,12,0,0,0,0,0,0,0,0,0,14,6,6,14,26,0,0,0,0,0,0,0,0,0,0,0,0,2,0,0,0,0,0,0,0,0,0,0,0,0,0,0,0,0,0,0,0,0,0,0,0,0,0,0,0,0,0,0,0,0
452,3,6,3,0,3,1,12,12,0,0,0,0,0,0,0,0,0,14,6,6,17,36,0,0,0,0,0,0,2,0,0,1,0,0,0,0,0,0,0,0,0,0,0,0,0,0,0,0,0,0,0,0,0,0,0,0,0,0,0,0,0,0,0,0,0,0,0
453,4,8,6,0,6,4,11,24,1,0,0,0,0,0,0,1,1,17,18,24,16,54,1,0,0,2,0,0,1,3,0,1,0,0,0,0,0,0,0,0,0,0,0,0,0,0,0,0,0,0,0,0,0,0,0,0,0,0,0,0,0,0,0,0,0,0,0
454,3,6,2,1,3,0,9,6,0,4,1,1,0,0,0,0,0,12,2,0,13,15,0,2,0,0,3,3,0,4,1,1,3,0,0,0,0,0,0,0,0,0,0,0,1,1,0,0,0,0,0,0,0,0,0,0,0,0,0,0,0,0,0,0,0,0,0
455,4,7,5,1,3,2,8,12,0,3,2,3,0,0,0,0,0,9,3,3,12,21,0,1,1,0,2,4,0,3,2,0,9,4,0,0,0,0,0,0,0,0,0,0,0,2,0,0,0,0,0,0,0,0,0,0,0,0,0,0,0,0,0,0,0,0,0
456,3,8,3,0,6,1,10,12,1,0,0,2,0,0,0,1,0,16,6,4,10,24,1,0,0,2,0,0,0,1,0,1,8,2,1,0,0,0,0,0,0,0,0,0,1,0,0,0,0,0,0,0,0,0,0,0,0,0,0,0,0,0,0,0,0,0,0
457,1,3,0,0,3,0,7,0,0,0,0,0,0,0,0,1,0,16,0,0,9,0,0,0,0,0,0,0,1,0,0,1,0,0,0,0,0,0,0,0,0,0,0,0,0,0,0,0,0,0,0,0,0,0,0,0,0,0,0,0,0,0,0,0,0,0,0
458,4,7,6,0,4,4,9,19,1,0,0,1,0,0,0,0,1,10,10,17,12,33,1,0,0,2,0,0,0,2,0,1,3,2,1,0,0,0,0,0,0,0,0,0,1,0,0,0,0,0,0,0,0,0,0,0,0,0,0,0,0,0,0,0,0,0,0
459,3,6,3,0,3,1,13,10,0,0,0,1,0,0,0,0,0,15,4,4,17,28,0,0,0,0,0,0,2,0,0,2,4,1,1,0,0,0,0,0,0,0,0,0,0,0,0,0,0,0,0,0,0,0,0,0,0,0,0,0,0,0,0,0,0,0,0
460,1,3,0,0,2,0,6,0,1,0,0,0,0,0,0,0,0,11,0,0,8,0,1,0,0,3,0,0,0,0,0,1,0,0,0,0,0,0,0,0,0,0,0,0,0,0,0,0,0,0,0,0,0,0,0,0,0,0,0,0,0,0,0,0,0,0,0
461,4,6,5,1,4,2,8,13,0,3,2,1,0,0,0,1,0,10,8,7,11,22,0,1,1,0,1,5,0,3,2,1,4,1,0,0,0,0,0,0,0,0,0,0,1,1,0,0,0,0,0,0,0,0,0,0,0,0,0,0,0,0,0,0,0,0,0
462,3,7,3,0,4,1,9,10,1,0,0,2,0,0,0,0,0,11,3,3,17,23,1,0,0,2,0,0,0,1,0,1,6,2,0,0,0,0,0,0,0,0,0,0,1,0,0,0,0,0,0,0,0,0,0,0,0,0,0,0,0,0,0,0,0,0,0
463,3,6,3,0,3,1,12,12,0,0,0,0,0,0,0,0,0,17,6,6,15,33,0,0,0,0,0,0,0,0,0,1,0,0,1,0,0,0,0,0,0,0,0,0,0,0,0,0,0,0,0,0,0,0,0,0,0,0,0,0,0,0,0,0,0,0,0
464,3,6,3,0,4,1,10,12,0,0,0,0,0,0,0,1,0,17,8,6,14,28,0,0,0,0,0,0,1,0,0,1,0,0,1,0,0,0,0,0,0,0,0,0,0,0,0,0,0,0,0,0,0,0,0,0,0,0,0,0,0,0,0,0,0,0,0
465,1,2,0,0,1,0,2,0,0,0,0,0,0,0,0,0,0,3,0,0,3,0,0,0,0,0,0,0,0,0,0,0,0,0,0,0,0,0,0,0,0,0,0,0,0,0,0,0,0,0,0,0,0,0,0,0,0,0,0,0,0,0,0,0,0,0,0
466,2,3,1,0,1,0,7,3,0,0,0,0,0,0,0,0,0,10,1,0,11,9,0,0,0,0,0,0,0,0,0,0,0,0,0,0,0,0,0,0,0,0,0,0,0,0,0,0,0,0,0,0,0,0,0,0,0,0,0,0,0,0,0,0,0,0,0
467,2,3,1,0,1,0,4,3,0,0,0,0,0,0,0,0,0,4,1,0,10,6,0,0,0,0,0,0,0,0,0,0,0,0,0,0,0,0,0,0,0,0,0,0,0,0,0,0,0,0,0,0,0,0,0,0,0,0,0,0,0,0,0,0,0,0,0
468,3,2,3,0,1,1,4,4,0,0,0,0,0,0,0,0,0,6,2,2,6,8,0,0,0,0,0,0,0,0,0,0,0,0,0,0,0,0,0,0,0,0,0,0,0,0,0,0,0,0,0,0,0,0,0,0,0,0,0,0,0,0,0,0,0,0,0
469,1,2,0,0,1,0,2,0,0,0,0,0,0,0,0,0,0,3,0,0,4,0,0,0,0,0,0,0,0,0,0,0,0,0,0,0,0,0,0,0,0,0,0,0,0,0,0,0,0,0,0,0,0,0,0,0,0,0,0,0,0,0,0,0,0,0,0
470,3,6,3,0,3,1,6,12,0,0,0,0,0,0,0,0,0,9,6,6,12,24,0,0,0,0,0,0,0,0,0,0,0,0,0,0,0,0,0,0,0,0,0,0,0,0,0,0,0,0,0,0,0,0,0,0,0,0,0,0,0,0,0,0,0,0,0
471,1,2,0,0,1,0,2,0,0,0,0,0,0,0,0,0,0,3,0,0,4,0,0,0,0,0,0,0,0,0,0,0,0,0,0,0,0,0,0,0,0,0,0,0,0,0,0,0,0,0,0,0,0,0,0,0,0,0,0,0,0,0,0,0,0,0,0
472,1,2,0,0,1,0,3,0,0,0,0,0,0,0,0,0,0,4,0,0,3,0,0,0,0,0,0,0,0,0,0,0,0,0,0,0,0,0,0,0,0,0,0,0,0,0,0,0,0,0,0,0,0,0,0,0,0,0,0,0,0,0,0,0,0,0,0
473,3,3,3,0,1,1,3,6,0,0,0,0,0,0,0,0,0,3,2,3,4,8,0,0,0,0,0,0,0,0,0,0,0,0,0,0,0,0,0,0,0,0,0,0,0,0,0,0,0,0,0,0,0,0,0,0,0,0,0,0,0,0,0,0,0,0,0
474,1,3,0,0,3,0,6,0,0,0,0,0,0,0,0,1,0,14,0,0,9,0,0,0,0,0,0,0,0,0,0,1,0,0,0,0,0,0,0,0,0,0,0,0,0,0,0,0,0,0,0,0,0,0,0,0,0,0,0,0,0,0,0,0,0,0,0
475,4,6,6,0,4,4,9,16,0,0,0,1,0,0,0,1,1,16,11,14,10,34,0,0,0,0,0,0,2,0,0,0,2,2,0,0,0,0,0,0,0,0,0,0,0,0,0,0,0,0,0,0,0,0,0,0,0,0,0,0,0,0,0,0,0,0,0
476,3,7,3,0,4,1,5,12,1,0,0,1,0,0,0,1,0,9,5,5,9,22,0,0,0,2,0,0,0,2,0,0,3,1,0,0,0,0,0,0,0,0,0,0,0,0,0,0,0,0,0,0,0,0,0,0,0,0,0,0,0,0,0,0,0,0,0
477,3,4,2,1,1,0,6,4,0,2,1,1,0,0,0,0,0,5,1,0,11,9,0,0,0,0,1,1,0,3,1,0,2,0,0,0,0,0,0,0,0,0,0,0,0,1,0,0,0,0,0,0,0,0,0,0,0,0,0,0,0,0,0,0,0,0,0
478,3,4,2,1,1,0,9,6,0,2,1,0,0,0,0,0,0,9,2,0,9,18,0,0,0,0,0,2,0,2,2,1,0,0,0,0,0,0,0,0,0,0,0,0,1,0,0,0,0,0,0,0,0,0,0,0,0,0,0,0,0,0,0,0,0,0,0
479,1,2,0,0,1,0,4,0,0,0,0,0,0,0,0,0,0,6,0,0,5,0,0,0,0,0,0,0,0,0,0,0,0,0,0,0,0,0,0,0,0,0,0,0,0,0,0,0,0,0,0,0,0,0,0,0,0,0,0,0,0,0,0,0,0,0,0
480,1,2,0,0,1,0,3,0,0,0,0,0,0,0,0,0,0,2,0,0,6,0,0,0,0,0,0,0,0,0,0,1,0,0,0,0,0,0,0,0,0,0,0,0,0,0,0,0,0,0,0,0,0,0,0,0,0,0,0,0,0,0,0,0,0,0,0
481,3,3,3,0,1,1,6,4,0,0,0,1,0,0,0,0,0,6,1,1,8,8,0,0,0,0,0,0,1,0,0,0,3,1,0,0,0,0,0,0,0,0,0,0,0,0,0,0,0,0,0,0,0,0,0,0,0,0,0,0,0,0,0,0,0,0,0
482,1,2,0,0,1,0,4,0,0,0,0,0,0,0,0,0,0,5,0,0,7,0,0,0,0,0,0,0,1,0,0,0,0,0,0,0,0,0,0,0,0,0,0,0,0,0,0,0,0,0,0,0,0,0,0,0,0,0,0,0,0,0,0,0,0,0,0
483,3,4,3,0,1,1,7,8,1,0,0,0,0,0,0,0,0,8,2,4,9,18,0,0,0,2,0,0,1,2,0,0,0,0,0,0,0,0,0,0,0,0,0,0,0,0,0,0,0,0,0,0,0,0,0,0,0,0,0,0,0,0,0,0,0,0,0
484,3,5,2,1,2,0,9,7,0,3,1,0,0,0,0,0,0,12,3,0,13,19,0,1,0,0,2,3,1,5,2,1,0,0,0,0,0,0,0,0,0,0,0,0,0,0,0,0,0,0,0,0,0,0,0,0,0,0,0,0,0,0,0,0,0,0,0
485,1,2,0,0,0,0,2,0,1,0,0,0,0,0,0,0,0,0,0,0,4,0,0,0,0,2,0,0,0,0,0,0,0,0,0,0,0,0,0,0,0,0,0,0,0,0,0,0,0,0,0,0,0,0,0,0,0,0,0,0,0,0,0,0,0,0,0
486,3,2,2,1,0,0,4,2,0,2,1,0,0,0,0,0,0,2,0,0,7,4,0,0,0,0,1,2,0,4,0,0,0,0,0,0,0,0,0,0,0,0,0,0,0,0,0,0,0,0,0,0,0,0,0,0,0,0,0,0,0,0,0,0,0,0,0
487,1,2,0,0,0,0,2,0,1,0,0,0,0,0,0,0,0,0,0,0,2,0,0,0,0,2,0,0,0,0,0,0,0,0,0,0,0,0,0,0,0,0,0,0,0,0,0,0,0,0,0,0,0,0,0,0,0,0,0,0,0,0,0,0,0,0,0
488,3,2,2,1,0,0,2,2,0,2,1,0,0,0,0,0,0,1,0,0,2,2,0,0,0,0,1,2,0,2,0,0,0,0,0,0,0,0,0,0,0,0,0,0,0,0,0,0,0,0,0,0,0,0,0,0,0,0,0,0,0,0,0,0,0,0,0
489,1,2,0,0,0,0,2,0,1,0,0,0,0,0,0,0,0,0,0,0,2,0,0,0,0,2,0,0,0,0,0,0,0,0,0,0,0,0,0,0,0,0,0,0,0,0,0,0,0,0,0,0,0,0,0,0,0,0,0,0,0,0,0,0,0,0,0
490,3,2,2,1,0,0,2,2,0,2,1,0,0,0,0,0,0,1,0,0,2,2,0,0,0,0,1,2,0,2,0,0,0,0,0,0,0,0,0,0,0,0,0,0,0,0,0,0,0,0,0,0,0,0,0,0,0,0,0,0,0,0,0,0,0,0,0
491,3,4,2,1,1,0,2,6,0,2,1,0,0,0,0,0,0,3,2,0,5,8,0,0,0,0,1,2,0,0,2,0,0,0,0,0,0,0,0,0,0,0,0,0,0,0,0,0,0,0,0,0,0,0,0,0,0,0,0,0,0,0,0,0,0,0,0
492,3,4,3,0,1,1,7,8,1,0,0,0,0,0,0,0,0,8,2,4,7,18,0,0,0,2,0,0,1,2,0,0,0,0,0,0,0,0,0,0,0,0,0,0,0,0,0,0,0,0,0,0,0,0,0,0,0,0,0,0,0,0,0,0,0,0,0
493,3,7,3,0,4,1,9,14,1,0,0,0,0,0,0,0,0,15,8,7,11,34,1,0,0,2,0,0,2,2,0,0,0,0,0,0,0,0,0,0,0,0,0,0,0,0,0,0,0,0,0,0,0,0,0,0,0,0,0,0,0,0,0,0,0,0,0
494,3,4,3,0,2,1,5,8,0,0,0,0,0,0,0,0,0,4,4,4,5,14,0,0,0,0,0,0,1,0,0,1,0,0,0,0,0,0,0,0,0,0,0,0,0,0,0,0,0,0,0,0,0,0,0,0,0,0,0,0,0,0,0,0,0,0,0
495,1,2,0,0,0,0,3,0,1,0,0,0,0,0,0,0,0,1,0,0,7,0,0,0,0,3,0,0,0,0,0,0,0,0,0,0,0,0,0,0,0,0,0,0,0,0,0,0,0,0,0,0,0,0,0,0,0,0,0,0,0,0,0,0,0,0,0
496,3,3,2,1,1,0,7,3,0,3,1,0,0,0,0,0,0,10,1,0,13,7,0,1,0,0,2,3,0,7,0,0,0,0,0,0,0,0,0,0,0,0,0,0,0,0,0,0,0,0,0,0,0,0,0,0,0,0,0,0,0,0,0,0,0,0,0
497,1,3,0,0,3,0,8,0,0,0,0,0,0,0,0,1,0,22,0,0,11,0,0,0,0,0,0,0,1,0,0,0,0,0,0,0,0,0,0,0,0,0,0,0,0,0,0,0,0,0,0,0,0,0,0,0,0,0,0,0,0,0,0,0,0,0,0
498,1,2,0,0,1,0,4,0,0,0,0,0,0,0,0,0,0,5,0,0,7,0,0,0,0,0,0,0,1,0,0,0,0,0,0,0,0,0,0,0,0,0,0,0,0,0,0,0,0,0,0,0,0,0,0,0,0,0,0,0,0,0,0,0,0,0,0
499,3,4,2,1,1,0,7,6,0,2,1,0,0,0,0,0,0,10,2,0,12,16,0,0,0,0,1,2,0,2,2,0,0,0,0,0,0,0,0,0,0,0,0,0,0,0,0,0,0,0,0,0,0,0,0,0,0,0,0,0,0,0,0,0,0,0,0
500,4,7,5,1,4,2,11,19,0,2,2,0,0,0,0,1,0,21,12,12,15,47,0,0,1,0,1,4,0,2,5,0,0,0,0,0,0,0,0,0,0,0,0,0,0,0,0,0,0,0,0,0,0,0,0,0,0,0,0,0,0,0,0,0,0,0,0
501,3,7,3,0,4,1,12,14,1,0,0,0,0,0,0,1,0,22,8,7,13,40,0,0,0,2,0,0,2,2,0,0,0,0,0,0,0,0,0,0,0,0,0,0,0,0,0,0,0,0,0,0,0,0,0,0,0,0,0,0,0,0,0,0,0,0,0
502,3,4,2,1,1,0,4,6,0,2,1,0,0,0,0,0,0,4,2,0,10,10,0,0,0,0,1,2,0,2,2,0,0,0,0,0,0,0,0,0,0,0,0,0,0,0,0,0,0,0,0,0,0,0,0,0,0,0,0,0,0,0,0,0,0,0,0
503,3,4,2,1,1,0,6,4,0,2,1,1,0,0,0,0,0,4,1,0,12,9,0,0,0,0,1,1,1,3,1,0,2,0,0,0,0,0,0,0,0,0,0,0,0,1,0,0,0,0,0,0,0,0,0,0,0,0,0,0,0,0,0,0,0,0,0
504,1,2,0,0,1,0,4,0,0,0,0,0,0,0,0,0,0,6,0,0,8,0,0,0,0,0,0,0,0,0,0,0,0,0,0,0,0,0,0,0,0,0,0,0,0,0,0,0,0,0,0,0,0,0,0,0,0,0,0,0,0,0,0,0,0,0,0
505,3,4,3,0,2,1,8,8,0,0,0,0,0,0,0,0,0,11,4,4,11,20,0,0,0,0,0,0,1,0,0,0,0,0,0,0,0,0,0,0,0,0,0,0,0,0,0,0,0,0,0,0,0,0,0,0,0,0,0,0,0,0,0,0,0,0,0
506,3,6,3,0,2,1,9,12,1,0,0,0,0,0,0,0,0,11,4,6,14,30,0,0,0,2,0,0,1,2,0,0,0,0,0,0,0,0,0,0,0,0,0,0,0,0,0,0,0,0,0,0,0,0,0,0,0,0,0,0,0,0,0,0,0,0,0
507,1,2,0,0,0,0,2,0,1,0,0,0,0,0,0,0,0,0,0,0,4,0,0,0,0,2,0,0,0,0,0,0,0,0,0,0,0,0,0,0,0,0,0,0,0,0,0,0,0,0,0,0,0,0,0,0,0,0,0,0,0,0,0,0,0,0,0
508,3,2,2,1,0,0,4,2,0,2,1,0,0,0,0,0,0,2,0,0,8,4,0,0,0,0,1,2,0,4,0,0,0,0,0,0,0,0,0,0,0,0,0,0,0,0,0,0,0,0,0,0,0,0,0,0,0,0,0,0,0,0,0,0,0,0,0
